row_key,timestamp,kwh,unit,site_code,synthetic,fixture_version
complete-q3-v1-electricity-20260701T0000Z,2026-07-01T00:00:00Z,487,kWh,PLANT-B,true,maverick-q3-2026-complete-v1
complete-q3-v1-electricity-20260701T0100Z,2026-07-01T01:00:00Z,487,kWh,PLANT-B,true,maverick-q3-2026-complete-v1
complete-q3-v1-electricity-20260701T0200Z,2026-07-01T02:00:00Z,487,kWh,PLANT-B,true,maverick-q3-2026-complete-v1
complete-q3-v1-electricity-20260701T0300Z,2026-07-01T03:00:00Z,487,kWh,PLANT-B,true,maverick-q3-2026-complete-v1
complete-q3-v1-electricity-20260701T0400Z,2026-07-01T04:00:00Z,487,kWh,PLANT-B,true,maverick-q3-2026-complete-v1
complete-q3-v1-electricity-20260701T0500Z,2026-07-01T05:00:00Z,487,kWh,PLANT-B,true,maverick-q3-2026-complete-v1
complete-q3-v1-electricity-20260701T0600Z,2026-07-01T06:00:00Z,487,kWh,PLANT-B,true,maverick-q3-2026-complete-v1
complete-q3-v1-electricity-20260701T0700Z,2026-07-01T07:00:00Z,547,kWh,PLANT-B,true,maverick-q3-2026-complete-v1
complete-q3-v1-electricity-20260701T0800Z,2026-07-01T08:00:00Z,547,kWh,PLANT-B,true,maverick-q3-2026-complete-v1
complete-q3-v1-electricity-20260701T0900Z,2026-07-01T09:00:00Z,547,kWh,PLANT-B,true,maverick-q3-2026-complete-v1
complete-q3-v1-electricity-20260701T1000Z,2026-07-01T10:00:00Z,547,kWh,PLANT-B,true,maverick-q3-2026-complete-v1
complete-q3-v1-electricity-20260701T1100Z,2026-07-01T11:00:00Z,547,kWh,PLANT-B,true,maverick-q3-2026-complete-v1
complete-q3-v1-electricity-20260701T1200Z,2026-07-01T12:00:00Z,547,kWh,PLANT-B,true,maverick-q3-2026-complete-v1
complete-q3-v1-electricity-20260701T1300Z,2026-07-01T13:00:00Z,547,kWh,PLANT-B,true,maverick-q3-2026-complete-v1
complete-q3-v1-electricity-20260701T1400Z,2026-07-01T14:00:00Z,547,kWh,PLANT-B,true,maverick-q3-2026-complete-v1
complete-q3-v1-electricity-20260701T1500Z,2026-07-01T15:00:00Z,547,kWh,PLANT-B,true,maverick-q3-2026-complete-v1
complete-q3-v1-electricity-20260701T1600Z,2026-07-01T16:00:00Z,547,kWh,PLANT-B,true,maverick-q3-2026-complete-v1
complete-q3-v1-electricity-20260701T1700Z,2026-07-01T17:00:00Z,547,kWh,PLANT-B,true,maverick-q3-2026-complete-v1
complete-q3-v1-electricity-20260701T1800Z,2026-07-01T18:00:00Z,547,kWh,PLANT-B,true,maverick-q3-2026-complete-v1
complete-q3-v1-electricity-20260701T1900Z,2026-07-01T19:00:00Z,487,kWh,PLANT-B,true,maverick-q3-2026-complete-v1
complete-q3-v1-electricity-20260701T2000Z,2026-07-01T20:00:00Z,487,kWh,PLANT-B,true,maverick-q3-2026-complete-v1
complete-q3-v1-electricity-20260701T2100Z,2026-07-01T21:00:00Z,487,kWh,PLANT-B,true,maverick-q3-2026-complete-v1
complete-q3-v1-electricity-20260701T2200Z,2026-07-01T22:00:00Z,487,kWh,PLANT-B,true,maverick-q3-2026-complete-v1
complete-q3-v1-electricity-20260701T2300Z,2026-07-01T23:00:00Z,487,kWh,PLANT-B,true,maverick-q3-2026-complete-v1
complete-q3-v1-electricity-20260702T0000Z,2026-07-02T00:00:00Z,490,kWh,PLANT-B,true,maverick-q3-2026-complete-v1
complete-q3-v1-electricity-20260702T0100Z,2026-07-02T01:00:00Z,490,kWh,PLANT-B,true,maverick-q3-2026-complete-v1
complete-q3-v1-electricity-20260702T0200Z,2026-07-02T02:00:00Z,490,kWh,PLANT-B,true,maverick-q3-2026-complete-v1
complete-q3-v1-electricity-20260702T0300Z,2026-07-02T03:00:00Z,490,kWh,PLANT-B,true,maverick-q3-2026-complete-v1
complete-q3-v1-electricity-20260702T0400Z,2026-07-02T04:00:00Z,490,kWh,PLANT-B,true,maverick-q3-2026-complete-v1
complete-q3-v1-electricity-20260702T0500Z,2026-07-02T05:00:00Z,490,kWh,PLANT-B,true,maverick-q3-2026-complete-v1
complete-q3-v1-electricity-20260702T0600Z,2026-07-02T06:00:00Z,490,kWh,PLANT-B,true,maverick-q3-2026-complete-v1
complete-q3-v1-electricity-20260702T0700Z,2026-07-02T07:00:00Z,550,kWh,PLANT-B,true,maverick-q3-2026-complete-v1
complete-q3-v1-electricity-20260702T0800Z,2026-07-02T08:00:00Z,550,kWh,PLANT-B,true,maverick-q3-2026-complete-v1
complete-q3-v1-electricity-20260702T0900Z,2026-07-02T09:00:00Z,550,kWh,PLANT-B,true,maverick-q3-2026-complete-v1
complete-q3-v1-electricity-20260702T1000Z,2026-07-02T10:00:00Z,550,kWh,PLANT-B,true,maverick-q3-2026-complete-v1
complete-q3-v1-electricity-20260702T1100Z,2026-07-02T11:00:00Z,550,kWh,PLANT-B,true,maverick-q3-2026-complete-v1
complete-q3-v1-electricity-20260702T1200Z,2026-07-02T12:00:00Z,550,kWh,PLANT-B,true,maverick-q3-2026-complete-v1
complete-q3-v1-electricity-20260702T1300Z,2026-07-02T13:00:00Z,550,kWh,PLANT-B,true,maverick-q3-2026-complete-v1
complete-q3-v1-electricity-20260702T1400Z,2026-07-02T14:00:00Z,550,kWh,PLANT-B,true,maverick-q3-2026-complete-v1
complete-q3-v1-electricity-20260702T1500Z,2026-07-02T15:00:00Z,550,kWh,PLANT-B,true,maverick-q3-2026-complete-v1
complete-q3-v1-electricity-20260702T1600Z,2026-07-02T16:00:00Z,550,kWh,PLANT-B,true,maverick-q3-2026-complete-v1
complete-q3-v1-electricity-20260702T1700Z,2026-07-02T17:00:00Z,550,kWh,PLANT-B,true,maverick-q3-2026-complete-v1
complete-q3-v1-electricity-20260702T1800Z,2026-07-02T18:00:00Z,550,kWh,PLANT-B,true,maverick-q3-2026-complete-v1
complete-q3-v1-electricity-20260702T1900Z,2026-07-02T19:00:00Z,490,kWh,PLANT-B,true,maverick-q3-2026-complete-v1
complete-q3-v1-electricity-20260702T2000Z,2026-07-02T20:00:00Z,490,kWh,PLANT-B,true,maverick-q3-2026-complete-v1
complete-q3-v1-electricity-20260702T2100Z,2026-07-02T21:00:00Z,490,kWh,PLANT-B,true,maverick-q3-2026-complete-v1
complete-q3-v1-electricity-20260702T2200Z,2026-07-02T22:00:00Z,490,kWh,PLANT-B,true,maverick-q3-2026-complete-v1
complete-q3-v1-electricity-20260702T2300Z,2026-07-02T23:00:00Z,490,kWh,PLANT-B,true,maverick-q3-2026-complete-v1
complete-q3-v1-electricity-20260703T0000Z,2026-07-03T00:00:00Z,493,kWh,PLANT-B,true,maverick-q3-2026-complete-v1
complete-q3-v1-electricity-20260703T0100Z,2026-07-03T01:00:00Z,493,kWh,PLANT-B,true,maverick-q3-2026-complete-v1
complete-q3-v1-electricity-20260703T0200Z,2026-07-03T02:00:00Z,493,kWh,PLANT-B,true,maverick-q3-2026-complete-v1
complete-q3-v1-electricity-20260703T0300Z,2026-07-03T03:00:00Z,493,kWh,PLANT-B,true,maverick-q3-2026-complete-v1
complete-q3-v1-electricity-20260703T0400Z,2026-07-03T04:00:00Z,493,kWh,PLANT-B,true,maverick-q3-2026-complete-v1
complete-q3-v1-electricity-20260703T0500Z,2026-07-03T05:00:00Z,493,kWh,PLANT-B,true,maverick-q3-2026-complete-v1
complete-q3-v1-electricity-20260703T0600Z,2026-07-03T06:00:00Z,493,kWh,PLANT-B,true,maverick-q3-2026-complete-v1
complete-q3-v1-electricity-20260703T0700Z,2026-07-03T07:00:00Z,553,kWh,PLANT-B,true,maverick-q3-2026-complete-v1
complete-q3-v1-electricity-20260703T0800Z,2026-07-03T08:00:00Z,553,kWh,PLANT-B,true,maverick-q3-2026-complete-v1
complete-q3-v1-electricity-20260703T0900Z,2026-07-03T09:00:00Z,553,kWh,PLANT-B,true,maverick-q3-2026-complete-v1
complete-q3-v1-electricity-20260703T1000Z,2026-07-03T10:00:00Z,553,kWh,PLANT-B,true,maverick-q3-2026-complete-v1
complete-q3-v1-electricity-20260703T1100Z,2026-07-03T11:00:00Z,553,kWh,PLANT-B,true,maverick-q3-2026-complete-v1
complete-q3-v1-electricity-20260703T1200Z,2026-07-03T12:00:00Z,553,kWh,PLANT-B,true,maverick-q3-2026-complete-v1
complete-q3-v1-electricity-20260703T1300Z,2026-07-03T13:00:00Z,553,kWh,PLANT-B,true,maverick-q3-2026-complete-v1
complete-q3-v1-electricity-20260703T1400Z,2026-07-03T14:00:00Z,553,kWh,PLANT-B,true,maverick-q3-2026-complete-v1
complete-q3-v1-electricity-20260703T1500Z,2026-07-03T15:00:00Z,553,kWh,PLANT-B,true,maverick-q3-2026-complete-v1
complete-q3-v1-electricity-20260703T1600Z,2026-07-03T16:00:00Z,553,kWh,PLANT-B,true,maverick-q3-2026-complete-v1
complete-q3-v1-electricity-20260703T1700Z,2026-07-03T17:00:00Z,553,kWh,PLANT-B,true,maverick-q3-2026-complete-v1
complete-q3-v1-electricity-20260703T1800Z,2026-07-03T18:00:00Z,553,kWh,PLANT-B,true,maverick-q3-2026-complete-v1
complete-q3-v1-electricity-20260703T1900Z,2026-07-03T19:00:00Z,493,kWh,PLANT-B,true,maverick-q3-2026-complete-v1
complete-q3-v1-electricity-20260703T2000Z,2026-07-03T20:00:00Z,493,kWh,PLANT-B,true,maverick-q3-2026-complete-v1
complete-q3-v1-electricity-20260703T2100Z,2026-07-03T21:00:00Z,493,kWh,PLANT-B,true,maverick-q3-2026-complete-v1
complete-q3-v1-electricity-20260703T2200Z,2026-07-03T22:00:00Z,493,kWh,PLANT-B,true,maverick-q3-2026-complete-v1
complete-q3-v1-electricity-20260703T2300Z,2026-07-03T23:00:00Z,493,kWh,PLANT-B,true,maverick-q3-2026-complete-v1
complete-q3-v1-electricity-20260704T0000Z,2026-07-04T00:00:00Z,454,kWh,PLANT-B,true,maverick-q3-2026-complete-v1
complete-q3-v1-electricity-20260704T0100Z,2026-07-04T01:00:00Z,454,kWh,PLANT-B,true,maverick-q3-2026-complete-v1
complete-q3-v1-electricity-20260704T0200Z,2026-07-04T02:00:00Z,454,kWh,PLANT-B,true,maverick-q3-2026-complete-v1
complete-q3-v1-electricity-20260704T0300Z,2026-07-04T03:00:00Z,454,kWh,PLANT-B,true,maverick-q3-2026-complete-v1
complete-q3-v1-electricity-20260704T0400Z,2026-07-04T04:00:00Z,454,kWh,PLANT-B,true,maverick-q3-2026-complete-v1
complete-q3-v1-electricity-20260704T0500Z,2026-07-04T05:00:00Z,454,kWh,PLANT-B,true,maverick-q3-2026-complete-v1
complete-q3-v1-electricity-20260704T0600Z,2026-07-04T06:00:00Z,454,kWh,PLANT-B,true,maverick-q3-2026-complete-v1
complete-q3-v1-electricity-20260704T0700Z,2026-07-04T07:00:00Z,514,kWh,PLANT-B,true,maverick-q3-2026-complete-v1
complete-q3-v1-electricity-20260704T0800Z,2026-07-04T08:00:00Z,514,kWh,PLANT-B,true,maverick-q3-2026-complete-v1
complete-q3-v1-electricity-20260704T0900Z,2026-07-04T09:00:00Z,514,kWh,PLANT-B,true,maverick-q3-2026-complete-v1
complete-q3-v1-electricity-20260704T1000Z,2026-07-04T10:00:00Z,514,kWh,PLANT-B,true,maverick-q3-2026-complete-v1
complete-q3-v1-electricity-20260704T1100Z,2026-07-04T11:00:00Z,514,kWh,PLANT-B,true,maverick-q3-2026-complete-v1
complete-q3-v1-electricity-20260704T1200Z,2026-07-04T12:00:00Z,514,kWh,PLANT-B,true,maverick-q3-2026-complete-v1
complete-q3-v1-electricity-20260704T1300Z,2026-07-04T13:00:00Z,514,kWh,PLANT-B,true,maverick-q3-2026-complete-v1
complete-q3-v1-electricity-20260704T1400Z,2026-07-04T14:00:00Z,514,kWh,PLANT-B,true,maverick-q3-2026-complete-v1
complete-q3-v1-electricity-20260704T1500Z,2026-07-04T15:00:00Z,514,kWh,PLANT-B,true,maverick-q3-2026-complete-v1
complete-q3-v1-electricity-20260704T1600Z,2026-07-04T16:00:00Z,514,kWh,PLANT-B,true,maverick-q3-2026-complete-v1
complete-q3-v1-electricity-20260704T1700Z,2026-07-04T17:00:00Z,514,kWh,PLANT-B,true,maverick-q3-2026-complete-v1
complete-q3-v1-electricity-20260704T1800Z,2026-07-04T18:00:00Z,514,kWh,PLANT-B,true,maverick-q3-2026-complete-v1
complete-q3-v1-electricity-20260704T1900Z,2026-07-04T19:00:00Z,454,kWh,PLANT-B,true,maverick-q3-2026-complete-v1
complete-q3-v1-electricity-20260704T2000Z,2026-07-04T20:00:00Z,454,kWh,PLANT-B,true,maverick-q3-2026-complete-v1
complete-q3-v1-electricity-20260704T2100Z,2026-07-04T21:00:00Z,454,kWh,PLANT-B,true,maverick-q3-2026-complete-v1
complete-q3-v1-electricity-20260704T2200Z,2026-07-04T22:00:00Z,454,kWh,PLANT-B,true,maverick-q3-2026-complete-v1
complete-q3-v1-electricity-20260704T2300Z,2026-07-04T23:00:00Z,454,kWh,PLANT-B,true,maverick-q3-2026-complete-v1
complete-q3-v1-electricity-20260705T0000Z,2026-07-05T00:00:00Z,457,kWh,PLANT-B,true,maverick-q3-2026-complete-v1
complete-q3-v1-electricity-20260705T0100Z,2026-07-05T01:00:00Z,457,kWh,PLANT-B,true,maverick-q3-2026-complete-v1
complete-q3-v1-electricity-20260705T0200Z,2026-07-05T02:00:00Z,457,kWh,PLANT-B,true,maverick-q3-2026-complete-v1
complete-q3-v1-electricity-20260705T0300Z,2026-07-05T03:00:00Z,457,kWh,PLANT-B,true,maverick-q3-2026-complete-v1
complete-q3-v1-electricity-20260705T0400Z,2026-07-05T04:00:00Z,457,kWh,PLANT-B,true,maverick-q3-2026-complete-v1
complete-q3-v1-electricity-20260705T0500Z,2026-07-05T05:00:00Z,457,kWh,PLANT-B,true,maverick-q3-2026-complete-v1
complete-q3-v1-electricity-20260705T0600Z,2026-07-05T06:00:00Z,457,kWh,PLANT-B,true,maverick-q3-2026-complete-v1
complete-q3-v1-electricity-20260705T0700Z,2026-07-05T07:00:00Z,517,kWh,PLANT-B,true,maverick-q3-2026-complete-v1
complete-q3-v1-electricity-20260705T0800Z,2026-07-05T08:00:00Z,517,kWh,PLANT-B,true,maverick-q3-2026-complete-v1
complete-q3-v1-electricity-20260705T0900Z,2026-07-05T09:00:00Z,517,kWh,PLANT-B,true,maverick-q3-2026-complete-v1
complete-q3-v1-electricity-20260705T1000Z,2026-07-05T10:00:00Z,517,kWh,PLANT-B,true,maverick-q3-2026-complete-v1
complete-q3-v1-electricity-20260705T1100Z,2026-07-05T11:00:00Z,517,kWh,PLANT-B,true,maverick-q3-2026-complete-v1
complete-q3-v1-electricity-20260705T1200Z,2026-07-05T12:00:00Z,517,kWh,PLANT-B,true,maverick-q3-2026-complete-v1
complete-q3-v1-electricity-20260705T1300Z,2026-07-05T13:00:00Z,517,kWh,PLANT-B,true,maverick-q3-2026-complete-v1
complete-q3-v1-electricity-20260705T1400Z,2026-07-05T14:00:00Z,517,kWh,PLANT-B,true,maverick-q3-2026-complete-v1
complete-q3-v1-electricity-20260705T1500Z,2026-07-05T15:00:00Z,517,kWh,PLANT-B,true,maverick-q3-2026-complete-v1
complete-q3-v1-electricity-20260705T1600Z,2026-07-05T16:00:00Z,517,kWh,PLANT-B,true,maverick-q3-2026-complete-v1
complete-q3-v1-electricity-20260705T1700Z,2026-07-05T17:00:00Z,517,kWh,PLANT-B,true,maverick-q3-2026-complete-v1
complete-q3-v1-electricity-20260705T1800Z,2026-07-05T18:00:00Z,517,kWh,PLANT-B,true,maverick-q3-2026-complete-v1
complete-q3-v1-electricity-20260705T1900Z,2026-07-05T19:00:00Z,457,kWh,PLANT-B,true,maverick-q3-2026-complete-v1
complete-q3-v1-electricity-20260705T2000Z,2026-07-05T20:00:00Z,457,kWh,PLANT-B,true,maverick-q3-2026-complete-v1
complete-q3-v1-electricity-20260705T2100Z,2026-07-05T21:00:00Z,457,kWh,PLANT-B,true,maverick-q3-2026-complete-v1
complete-q3-v1-electricity-20260705T2200Z,2026-07-05T22:00:00Z,457,kWh,PLANT-B,true,maverick-q3-2026-complete-v1
complete-q3-v1-electricity-20260705T2300Z,2026-07-05T23:00:00Z,457,kWh,PLANT-B,true,maverick-q3-2026-complete-v1
complete-q3-v1-electricity-20260706T0000Z,2026-07-06T00:00:00Z,469,kWh,PLANT-B,true,maverick-q3-2026-complete-v1
complete-q3-v1-electricity-20260706T0100Z,2026-07-06T01:00:00Z,469,kWh,PLANT-B,true,maverick-q3-2026-complete-v1
complete-q3-v1-electricity-20260706T0200Z,2026-07-06T02:00:00Z,469,kWh,PLANT-B,true,maverick-q3-2026-complete-v1
complete-q3-v1-electricity-20260706T0300Z,2026-07-06T03:00:00Z,469,kWh,PLANT-B,true,maverick-q3-2026-complete-v1
complete-q3-v1-electricity-20260706T0400Z,2026-07-06T04:00:00Z,469,kWh,PLANT-B,true,maverick-q3-2026-complete-v1
complete-q3-v1-electricity-20260706T0500Z,2026-07-06T05:00:00Z,469,kWh,PLANT-B,true,maverick-q3-2026-complete-v1
complete-q3-v1-electricity-20260706T0600Z,2026-07-06T06:00:00Z,469,kWh,PLANT-B,true,maverick-q3-2026-complete-v1
complete-q3-v1-electricity-20260706T0700Z,2026-07-06T07:00:00Z,529,kWh,PLANT-B,true,maverick-q3-2026-complete-v1
complete-q3-v1-electricity-20260706T0800Z,2026-07-06T08:00:00Z,529,kWh,PLANT-B,true,maverick-q3-2026-complete-v1
complete-q3-v1-electricity-20260706T0900Z,2026-07-06T09:00:00Z,529,kWh,PLANT-B,true,maverick-q3-2026-complete-v1
complete-q3-v1-electricity-20260706T1000Z,2026-07-06T10:00:00Z,529,kWh,PLANT-B,true,maverick-q3-2026-complete-v1
complete-q3-v1-electricity-20260706T1100Z,2026-07-06T11:00:00Z,529,kWh,PLANT-B,true,maverick-q3-2026-complete-v1
complete-q3-v1-electricity-20260706T1200Z,2026-07-06T12:00:00Z,529,kWh,PLANT-B,true,maverick-q3-2026-complete-v1
complete-q3-v1-electricity-20260706T1300Z,2026-07-06T13:00:00Z,529,kWh,PLANT-B,true,maverick-q3-2026-complete-v1
complete-q3-v1-electricity-20260706T1400Z,2026-07-06T14:00:00Z,529,kWh,PLANT-B,true,maverick-q3-2026-complete-v1
complete-q3-v1-electricity-20260706T1500Z,2026-07-06T15:00:00Z,529,kWh,PLANT-B,true,maverick-q3-2026-complete-v1
complete-q3-v1-electricity-20260706T1600Z,2026-07-06T16:00:00Z,529,kWh,PLANT-B,true,maverick-q3-2026-complete-v1
complete-q3-v1-electricity-20260706T1700Z,2026-07-06T17:00:00Z,529,kWh,PLANT-B,true,maverick-q3-2026-complete-v1
complete-q3-v1-electricity-20260706T1800Z,2026-07-06T18:00:00Z,529,kWh,PLANT-B,true,maverick-q3-2026-complete-v1
complete-q3-v1-electricity-20260706T1900Z,2026-07-06T19:00:00Z,469,kWh,PLANT-B,true,maverick-q3-2026-complete-v1
complete-q3-v1-electricity-20260706T2000Z,2026-07-06T20:00:00Z,469,kWh,PLANT-B,true,maverick-q3-2026-complete-v1
complete-q3-v1-electricity-20260706T2100Z,2026-07-06T21:00:00Z,469,kWh,PLANT-B,true,maverick-q3-2026-complete-v1
complete-q3-v1-electricity-20260706T2200Z,2026-07-06T22:00:00Z,469,kWh,PLANT-B,true,maverick-q3-2026-complete-v1
complete-q3-v1-electricity-20260706T2300Z,2026-07-06T23:00:00Z,469,kWh,PLANT-B,true,maverick-q3-2026-complete-v1
complete-q3-v1-electricity-20260707T0000Z,2026-07-07T00:00:00Z,472,kWh,PLANT-B,true,maverick-q3-2026-complete-v1
complete-q3-v1-electricity-20260707T0100Z,2026-07-07T01:00:00Z,472,kWh,PLANT-B,true,maverick-q3-2026-complete-v1
complete-q3-v1-electricity-20260707T0200Z,2026-07-07T02:00:00Z,472,kWh,PLANT-B,true,maverick-q3-2026-complete-v1
complete-q3-v1-electricity-20260707T0300Z,2026-07-07T03:00:00Z,472,kWh,PLANT-B,true,maverick-q3-2026-complete-v1
complete-q3-v1-electricity-20260707T0400Z,2026-07-07T04:00:00Z,472,kWh,PLANT-B,true,maverick-q3-2026-complete-v1
complete-q3-v1-electricity-20260707T0500Z,2026-07-07T05:00:00Z,472,kWh,PLANT-B,true,maverick-q3-2026-complete-v1
complete-q3-v1-electricity-20260707T0600Z,2026-07-07T06:00:00Z,472,kWh,PLANT-B,true,maverick-q3-2026-complete-v1
complete-q3-v1-electricity-20260707T0700Z,2026-07-07T07:00:00Z,532,kWh,PLANT-B,true,maverick-q3-2026-complete-v1
complete-q3-v1-electricity-20260707T0800Z,2026-07-07T08:00:00Z,532,kWh,PLANT-B,true,maverick-q3-2026-complete-v1
complete-q3-v1-electricity-20260707T0900Z,2026-07-07T09:00:00Z,532,kWh,PLANT-B,true,maverick-q3-2026-complete-v1
complete-q3-v1-electricity-20260707T1000Z,2026-07-07T10:00:00Z,532,kWh,PLANT-B,true,maverick-q3-2026-complete-v1
complete-q3-v1-electricity-20260707T1100Z,2026-07-07T11:00:00Z,532,kWh,PLANT-B,true,maverick-q3-2026-complete-v1
complete-q3-v1-electricity-20260707T1200Z,2026-07-07T12:00:00Z,532,kWh,PLANT-B,true,maverick-q3-2026-complete-v1
complete-q3-v1-electricity-20260707T1300Z,2026-07-07T13:00:00Z,532,kWh,PLANT-B,true,maverick-q3-2026-complete-v1
complete-q3-v1-electricity-20260707T1400Z,2026-07-07T14:00:00Z,532,kWh,PLANT-B,true,maverick-q3-2026-complete-v1
complete-q3-v1-electricity-20260707T1500Z,2026-07-07T15:00:00Z,532,kWh,PLANT-B,true,maverick-q3-2026-complete-v1
complete-q3-v1-electricity-20260707T1600Z,2026-07-07T16:00:00Z,532,kWh,PLANT-B,true,maverick-q3-2026-complete-v1
complete-q3-v1-electricity-20260707T1700Z,2026-07-07T17:00:00Z,532,kWh,PLANT-B,true,maverick-q3-2026-complete-v1
complete-q3-v1-electricity-20260707T1800Z,2026-07-07T18:00:00Z,532,kWh,PLANT-B,true,maverick-q3-2026-complete-v1
complete-q3-v1-electricity-20260707T1900Z,2026-07-07T19:00:00Z,472,kWh,PLANT-B,true,maverick-q3-2026-complete-v1
complete-q3-v1-electricity-20260707T2000Z,2026-07-07T20:00:00Z,472,kWh,PLANT-B,true,maverick-q3-2026-complete-v1
complete-q3-v1-electricity-20260707T2100Z,2026-07-07T21:00:00Z,472,kWh,PLANT-B,true,maverick-q3-2026-complete-v1
complete-q3-v1-electricity-20260707T2200Z,2026-07-07T22:00:00Z,472,kWh,PLANT-B,true,maverick-q3-2026-complete-v1
complete-q3-v1-electricity-20260707T2300Z,2026-07-07T23:00:00Z,472,kWh,PLANT-B,true,maverick-q3-2026-complete-v1
complete-q3-v1-electricity-20260708T0000Z,2026-07-08T00:00:00Z,475,kWh,PLANT-B,true,maverick-q3-2026-complete-v1
complete-q3-v1-electricity-20260708T0100Z,2026-07-08T01:00:00Z,475,kWh,PLANT-B,true,maverick-q3-2026-complete-v1
complete-q3-v1-electricity-20260708T0200Z,2026-07-08T02:00:00Z,475,kWh,PLANT-B,true,maverick-q3-2026-complete-v1
complete-q3-v1-electricity-20260708T0300Z,2026-07-08T03:00:00Z,475,kWh,PLANT-B,true,maverick-q3-2026-complete-v1
complete-q3-v1-electricity-20260708T0400Z,2026-07-08T04:00:00Z,475,kWh,PLANT-B,true,maverick-q3-2026-complete-v1
complete-q3-v1-electricity-20260708T0500Z,2026-07-08T05:00:00Z,475,kWh,PLANT-B,true,maverick-q3-2026-complete-v1
complete-q3-v1-electricity-20260708T0600Z,2026-07-08T06:00:00Z,475,kWh,PLANT-B,true,maverick-q3-2026-complete-v1
complete-q3-v1-electricity-20260708T0700Z,2026-07-08T07:00:00Z,535,kWh,PLANT-B,true,maverick-q3-2026-complete-v1
complete-q3-v1-electricity-20260708T0800Z,2026-07-08T08:00:00Z,535,kWh,PLANT-B,true,maverick-q3-2026-complete-v1
complete-q3-v1-electricity-20260708T0900Z,2026-07-08T09:00:00Z,535,kWh,PLANT-B,true,maverick-q3-2026-complete-v1
complete-q3-v1-electricity-20260708T1000Z,2026-07-08T10:00:00Z,535,kWh,PLANT-B,true,maverick-q3-2026-complete-v1
complete-q3-v1-electricity-20260708T1100Z,2026-07-08T11:00:00Z,535,kWh,PLANT-B,true,maverick-q3-2026-complete-v1
complete-q3-v1-electricity-20260708T1200Z,2026-07-08T12:00:00Z,535,kWh,PLANT-B,true,maverick-q3-2026-complete-v1
complete-q3-v1-electricity-20260708T1300Z,2026-07-08T13:00:00Z,535,kWh,PLANT-B,true,maverick-q3-2026-complete-v1
complete-q3-v1-electricity-20260708T1400Z,2026-07-08T14:00:00Z,535,kWh,PLANT-B,true,maverick-q3-2026-complete-v1
complete-q3-v1-electricity-20260708T1500Z,2026-07-08T15:00:00Z,535,kWh,PLANT-B,true,maverick-q3-2026-complete-v1
complete-q3-v1-electricity-20260708T1600Z,2026-07-08T16:00:00Z,535,kWh,PLANT-B,true,maverick-q3-2026-complete-v1
complete-q3-v1-electricity-20260708T1700Z,2026-07-08T17:00:00Z,535,kWh,PLANT-B,true,maverick-q3-2026-complete-v1
complete-q3-v1-electricity-20260708T1800Z,2026-07-08T18:00:00Z,535,kWh,PLANT-B,true,maverick-q3-2026-complete-v1
complete-q3-v1-electricity-20260708T1900Z,2026-07-08T19:00:00Z,475,kWh,PLANT-B,true,maverick-q3-2026-complete-v1
complete-q3-v1-electricity-20260708T2000Z,2026-07-08T20:00:00Z,475,kWh,PLANT-B,true,maverick-q3-2026-complete-v1
complete-q3-v1-electricity-20260708T2100Z,2026-07-08T21:00:00Z,475,kWh,PLANT-B,true,maverick-q3-2026-complete-v1
complete-q3-v1-electricity-20260708T2200Z,2026-07-08T22:00:00Z,475,kWh,PLANT-B,true,maverick-q3-2026-complete-v1
complete-q3-v1-electricity-20260708T2300Z,2026-07-08T23:00:00Z,475,kWh,PLANT-B,true,maverick-q3-2026-complete-v1
complete-q3-v1-electricity-20260709T0000Z,2026-07-09T00:00:00Z,478,kWh,PLANT-B,true,maverick-q3-2026-complete-v1
complete-q3-v1-electricity-20260709T0100Z,2026-07-09T01:00:00Z,478,kWh,PLANT-B,true,maverick-q3-2026-complete-v1
complete-q3-v1-electricity-20260709T0200Z,2026-07-09T02:00:00Z,478,kWh,PLANT-B,true,maverick-q3-2026-complete-v1
complete-q3-v1-electricity-20260709T0300Z,2026-07-09T03:00:00Z,478,kWh,PLANT-B,true,maverick-q3-2026-complete-v1
complete-q3-v1-electricity-20260709T0400Z,2026-07-09T04:00:00Z,478,kWh,PLANT-B,true,maverick-q3-2026-complete-v1
complete-q3-v1-electricity-20260709T0500Z,2026-07-09T05:00:00Z,478,kWh,PLANT-B,true,maverick-q3-2026-complete-v1
complete-q3-v1-electricity-20260709T0600Z,2026-07-09T06:00:00Z,478,kWh,PLANT-B,true,maverick-q3-2026-complete-v1
complete-q3-v1-electricity-20260709T0700Z,2026-07-09T07:00:00Z,538,kWh,PLANT-B,true,maverick-q3-2026-complete-v1
complete-q3-v1-electricity-20260709T0800Z,2026-07-09T08:00:00Z,538,kWh,PLANT-B,true,maverick-q3-2026-complete-v1
complete-q3-v1-electricity-20260709T0900Z,2026-07-09T09:00:00Z,538,kWh,PLANT-B,true,maverick-q3-2026-complete-v1
complete-q3-v1-electricity-20260709T1000Z,2026-07-09T10:00:00Z,538,kWh,PLANT-B,true,maverick-q3-2026-complete-v1
complete-q3-v1-electricity-20260709T1100Z,2026-07-09T11:00:00Z,538,kWh,PLANT-B,true,maverick-q3-2026-complete-v1
complete-q3-v1-electricity-20260709T1200Z,2026-07-09T12:00:00Z,538,kWh,PLANT-B,true,maverick-q3-2026-complete-v1
complete-q3-v1-electricity-20260709T1300Z,2026-07-09T13:00:00Z,538,kWh,PLANT-B,true,maverick-q3-2026-complete-v1
complete-q3-v1-electricity-20260709T1400Z,2026-07-09T14:00:00Z,538,kWh,PLANT-B,true,maverick-q3-2026-complete-v1
complete-q3-v1-electricity-20260709T1500Z,2026-07-09T15:00:00Z,538,kWh,PLANT-B,true,maverick-q3-2026-complete-v1
complete-q3-v1-electricity-20260709T1600Z,2026-07-09T16:00:00Z,538,kWh,PLANT-B,true,maverick-q3-2026-complete-v1
complete-q3-v1-electricity-20260709T1700Z,2026-07-09T17:00:00Z,538,kWh,PLANT-B,true,maverick-q3-2026-complete-v1
complete-q3-v1-electricity-20260709T1800Z,2026-07-09T18:00:00Z,538,kWh,PLANT-B,true,maverick-q3-2026-complete-v1
complete-q3-v1-electricity-20260709T1900Z,2026-07-09T19:00:00Z,478,kWh,PLANT-B,true,maverick-q3-2026-complete-v1
complete-q3-v1-electricity-20260709T2000Z,2026-07-09T20:00:00Z,478,kWh,PLANT-B,true,maverick-q3-2026-complete-v1
complete-q3-v1-electricity-20260709T2100Z,2026-07-09T21:00:00Z,478,kWh,PLANT-B,true,maverick-q3-2026-complete-v1
complete-q3-v1-electricity-20260709T2200Z,2026-07-09T22:00:00Z,478,kWh,PLANT-B,true,maverick-q3-2026-complete-v1
complete-q3-v1-electricity-20260709T2300Z,2026-07-09T23:00:00Z,478,kWh,PLANT-B,true,maverick-q3-2026-complete-v1
complete-q3-v1-electricity-20260710T0000Z,2026-07-10T00:00:00Z,481,kWh,PLANT-B,true,maverick-q3-2026-complete-v1
complete-q3-v1-electricity-20260710T0100Z,2026-07-10T01:00:00Z,481,kWh,PLANT-B,true,maverick-q3-2026-complete-v1
complete-q3-v1-electricity-20260710T0200Z,2026-07-10T02:00:00Z,481,kWh,PLANT-B,true,maverick-q3-2026-complete-v1
complete-q3-v1-electricity-20260710T0300Z,2026-07-10T03:00:00Z,481,kWh,PLANT-B,true,maverick-q3-2026-complete-v1
complete-q3-v1-electricity-20260710T0400Z,2026-07-10T04:00:00Z,481,kWh,PLANT-B,true,maverick-q3-2026-complete-v1
complete-q3-v1-electricity-20260710T0500Z,2026-07-10T05:00:00Z,481,kWh,PLANT-B,true,maverick-q3-2026-complete-v1
complete-q3-v1-electricity-20260710T0600Z,2026-07-10T06:00:00Z,481,kWh,PLANT-B,true,maverick-q3-2026-complete-v1
complete-q3-v1-electricity-20260710T0700Z,2026-07-10T07:00:00Z,541,kWh,PLANT-B,true,maverick-q3-2026-complete-v1
complete-q3-v1-electricity-20260710T0800Z,2026-07-10T08:00:00Z,541,kWh,PLANT-B,true,maverick-q3-2026-complete-v1
complete-q3-v1-electricity-20260710T0900Z,2026-07-10T09:00:00Z,541,kWh,PLANT-B,true,maverick-q3-2026-complete-v1
complete-q3-v1-electricity-20260710T1000Z,2026-07-10T10:00:00Z,541,kWh,PLANT-B,true,maverick-q3-2026-complete-v1
complete-q3-v1-electricity-20260710T1100Z,2026-07-10T11:00:00Z,541,kWh,PLANT-B,true,maverick-q3-2026-complete-v1
complete-q3-v1-electricity-20260710T1200Z,2026-07-10T12:00:00Z,541,kWh,PLANT-B,true,maverick-q3-2026-complete-v1
complete-q3-v1-electricity-20260710T1300Z,2026-07-10T13:00:00Z,541,kWh,PLANT-B,true,maverick-q3-2026-complete-v1
complete-q3-v1-electricity-20260710T1400Z,2026-07-10T14:00:00Z,541,kWh,PLANT-B,true,maverick-q3-2026-complete-v1
complete-q3-v1-electricity-20260710T1500Z,2026-07-10T15:00:00Z,541,kWh,PLANT-B,true,maverick-q3-2026-complete-v1
complete-q3-v1-electricity-20260710T1600Z,2026-07-10T16:00:00Z,541,kWh,PLANT-B,true,maverick-q3-2026-complete-v1
complete-q3-v1-electricity-20260710T1700Z,2026-07-10T17:00:00Z,541,kWh,PLANT-B,true,maverick-q3-2026-complete-v1
complete-q3-v1-electricity-20260710T1800Z,2026-07-10T18:00:00Z,541,kWh,PLANT-B,true,maverick-q3-2026-complete-v1
complete-q3-v1-electricity-20260710T1900Z,2026-07-10T19:00:00Z,481,kWh,PLANT-B,true,maverick-q3-2026-complete-v1
complete-q3-v1-electricity-20260710T2000Z,2026-07-10T20:00:00Z,481,kWh,PLANT-B,true,maverick-q3-2026-complete-v1
complete-q3-v1-electricity-20260710T2100Z,2026-07-10T21:00:00Z,481,kWh,PLANT-B,true,maverick-q3-2026-complete-v1
complete-q3-v1-electricity-20260710T2200Z,2026-07-10T22:00:00Z,481,kWh,PLANT-B,true,maverick-q3-2026-complete-v1
complete-q3-v1-electricity-20260710T2300Z,2026-07-10T23:00:00Z,481,kWh,PLANT-B,true,maverick-q3-2026-complete-v1
complete-q3-v1-electricity-20260711T0000Z,2026-07-11T00:00:00Z,442,kWh,PLANT-B,true,maverick-q3-2026-complete-v1
complete-q3-v1-electricity-20260711T0100Z,2026-07-11T01:00:00Z,442,kWh,PLANT-B,true,maverick-q3-2026-complete-v1
complete-q3-v1-electricity-20260711T0200Z,2026-07-11T02:00:00Z,442,kWh,PLANT-B,true,maverick-q3-2026-complete-v1
complete-q3-v1-electricity-20260711T0300Z,2026-07-11T03:00:00Z,442,kWh,PLANT-B,true,maverick-q3-2026-complete-v1
complete-q3-v1-electricity-20260711T0400Z,2026-07-11T04:00:00Z,442,kWh,PLANT-B,true,maverick-q3-2026-complete-v1
complete-q3-v1-electricity-20260711T0500Z,2026-07-11T05:00:00Z,442,kWh,PLANT-B,true,maverick-q3-2026-complete-v1
complete-q3-v1-electricity-20260711T0600Z,2026-07-11T06:00:00Z,442,kWh,PLANT-B,true,maverick-q3-2026-complete-v1
complete-q3-v1-electricity-20260711T0700Z,2026-07-11T07:00:00Z,502,kWh,PLANT-B,true,maverick-q3-2026-complete-v1
complete-q3-v1-electricity-20260711T0800Z,2026-07-11T08:00:00Z,502,kWh,PLANT-B,true,maverick-q3-2026-complete-v1
complete-q3-v1-electricity-20260711T0900Z,2026-07-11T09:00:00Z,502,kWh,PLANT-B,true,maverick-q3-2026-complete-v1
complete-q3-v1-electricity-20260711T1000Z,2026-07-11T10:00:00Z,502,kWh,PLANT-B,true,maverick-q3-2026-complete-v1
complete-q3-v1-electricity-20260711T1100Z,2026-07-11T11:00:00Z,502,kWh,PLANT-B,true,maverick-q3-2026-complete-v1
complete-q3-v1-electricity-20260711T1200Z,2026-07-11T12:00:00Z,502,kWh,PLANT-B,true,maverick-q3-2026-complete-v1
complete-q3-v1-electricity-20260711T1300Z,2026-07-11T13:00:00Z,502,kWh,PLANT-B,true,maverick-q3-2026-complete-v1
complete-q3-v1-electricity-20260711T1400Z,2026-07-11T14:00:00Z,502,kWh,PLANT-B,true,maverick-q3-2026-complete-v1
complete-q3-v1-electricity-20260711T1500Z,2026-07-11T15:00:00Z,502,kWh,PLANT-B,true,maverick-q3-2026-complete-v1
complete-q3-v1-electricity-20260711T1600Z,2026-07-11T16:00:00Z,502,kWh,PLANT-B,true,maverick-q3-2026-complete-v1
complete-q3-v1-electricity-20260711T1700Z,2026-07-11T17:00:00Z,502,kWh,PLANT-B,true,maverick-q3-2026-complete-v1
complete-q3-v1-electricity-20260711T1800Z,2026-07-11T18:00:00Z,502,kWh,PLANT-B,true,maverick-q3-2026-complete-v1
complete-q3-v1-electricity-20260711T1900Z,2026-07-11T19:00:00Z,442,kWh,PLANT-B,true,maverick-q3-2026-complete-v1
complete-q3-v1-electricity-20260711T2000Z,2026-07-11T20:00:00Z,442,kWh,PLANT-B,true,maverick-q3-2026-complete-v1
complete-q3-v1-electricity-20260711T2100Z,2026-07-11T21:00:00Z,442,kWh,PLANT-B,true,maverick-q3-2026-complete-v1
complete-q3-v1-electricity-20260711T2200Z,2026-07-11T22:00:00Z,442,kWh,PLANT-B,true,maverick-q3-2026-complete-v1
complete-q3-v1-electricity-20260711T2300Z,2026-07-11T23:00:00Z,442,kWh,PLANT-B,true,maverick-q3-2026-complete-v1
complete-q3-v1-electricity-20260712T0000Z,2026-07-12T00:00:00Z,445,kWh,PLANT-B,true,maverick-q3-2026-complete-v1
complete-q3-v1-electricity-20260712T0100Z,2026-07-12T01:00:00Z,445,kWh,PLANT-B,true,maverick-q3-2026-complete-v1
complete-q3-v1-electricity-20260712T0200Z,2026-07-12T02:00:00Z,445,kWh,PLANT-B,true,maverick-q3-2026-complete-v1
complete-q3-v1-electricity-20260712T0300Z,2026-07-12T03:00:00Z,445,kWh,PLANT-B,true,maverick-q3-2026-complete-v1
complete-q3-v1-electricity-20260712T0400Z,2026-07-12T04:00:00Z,445,kWh,PLANT-B,true,maverick-q3-2026-complete-v1
complete-q3-v1-electricity-20260712T0500Z,2026-07-12T05:00:00Z,445,kWh,PLANT-B,true,maverick-q3-2026-complete-v1
complete-q3-v1-electricity-20260712T0600Z,2026-07-12T06:00:00Z,445,kWh,PLANT-B,true,maverick-q3-2026-complete-v1
complete-q3-v1-electricity-20260712T0700Z,2026-07-12T07:00:00Z,505,kWh,PLANT-B,true,maverick-q3-2026-complete-v1
complete-q3-v1-electricity-20260712T0800Z,2026-07-12T08:00:00Z,505,kWh,PLANT-B,true,maverick-q3-2026-complete-v1
complete-q3-v1-electricity-20260712T0900Z,2026-07-12T09:00:00Z,505,kWh,PLANT-B,true,maverick-q3-2026-complete-v1
complete-q3-v1-electricity-20260712T1000Z,2026-07-12T10:00:00Z,505,kWh,PLANT-B,true,maverick-q3-2026-complete-v1
complete-q3-v1-electricity-20260712T1100Z,2026-07-12T11:00:00Z,505,kWh,PLANT-B,true,maverick-q3-2026-complete-v1
complete-q3-v1-electricity-20260712T1200Z,2026-07-12T12:00:00Z,505,kWh,PLANT-B,true,maverick-q3-2026-complete-v1
complete-q3-v1-electricity-20260712T1300Z,2026-07-12T13:00:00Z,505,kWh,PLANT-B,true,maverick-q3-2026-complete-v1
complete-q3-v1-electricity-20260712T1400Z,2026-07-12T14:00:00Z,505,kWh,PLANT-B,true,maverick-q3-2026-complete-v1
complete-q3-v1-electricity-20260712T1500Z,2026-07-12T15:00:00Z,505,kWh,PLANT-B,true,maverick-q3-2026-complete-v1
complete-q3-v1-electricity-20260712T1600Z,2026-07-12T16:00:00Z,505,kWh,PLANT-B,true,maverick-q3-2026-complete-v1
complete-q3-v1-electricity-20260712T1700Z,2026-07-12T17:00:00Z,505,kWh,PLANT-B,true,maverick-q3-2026-complete-v1
complete-q3-v1-electricity-20260712T1800Z,2026-07-12T18:00:00Z,505,kWh,PLANT-B,true,maverick-q3-2026-complete-v1
complete-q3-v1-electricity-20260712T1900Z,2026-07-12T19:00:00Z,445,kWh,PLANT-B,true,maverick-q3-2026-complete-v1
complete-q3-v1-electricity-20260712T2000Z,2026-07-12T20:00:00Z,445,kWh,PLANT-B,true,maverick-q3-2026-complete-v1
complete-q3-v1-electricity-20260712T2100Z,2026-07-12T21:00:00Z,445,kWh,PLANT-B,true,maverick-q3-2026-complete-v1
complete-q3-v1-electricity-20260712T2200Z,2026-07-12T22:00:00Z,445,kWh,PLANT-B,true,maverick-q3-2026-complete-v1
complete-q3-v1-electricity-20260712T2300Z,2026-07-12T23:00:00Z,445,kWh,PLANT-B,true,maverick-q3-2026-complete-v1
complete-q3-v1-electricity-20260713T0000Z,2026-07-13T00:00:00Z,490,kWh,PLANT-B,true,maverick-q3-2026-complete-v1
complete-q3-v1-electricity-20260713T0100Z,2026-07-13T01:00:00Z,490,kWh,PLANT-B,true,maverick-q3-2026-complete-v1
complete-q3-v1-electricity-20260713T0200Z,2026-07-13T02:00:00Z,490,kWh,PLANT-B,true,maverick-q3-2026-complete-v1
complete-q3-v1-electricity-20260713T0300Z,2026-07-13T03:00:00Z,490,kWh,PLANT-B,true,maverick-q3-2026-complete-v1
complete-q3-v1-electricity-20260713T0400Z,2026-07-13T04:00:00Z,490,kWh,PLANT-B,true,maverick-q3-2026-complete-v1
complete-q3-v1-electricity-20260713T0500Z,2026-07-13T05:00:00Z,490,kWh,PLANT-B,true,maverick-q3-2026-complete-v1
complete-q3-v1-electricity-20260713T0600Z,2026-07-13T06:00:00Z,490,kWh,PLANT-B,true,maverick-q3-2026-complete-v1
complete-q3-v1-electricity-20260713T0700Z,2026-07-13T07:00:00Z,550,kWh,PLANT-B,true,maverick-q3-2026-complete-v1
complete-q3-v1-electricity-20260713T0800Z,2026-07-13T08:00:00Z,550,kWh,PLANT-B,true,maverick-q3-2026-complete-v1
complete-q3-v1-electricity-20260713T0900Z,2026-07-13T09:00:00Z,550,kWh,PLANT-B,true,maverick-q3-2026-complete-v1
complete-q3-v1-electricity-20260713T1000Z,2026-07-13T10:00:00Z,550,kWh,PLANT-B,true,maverick-q3-2026-complete-v1
complete-q3-v1-electricity-20260713T1100Z,2026-07-13T11:00:00Z,550,kWh,PLANT-B,true,maverick-q3-2026-complete-v1
complete-q3-v1-electricity-20260713T1200Z,2026-07-13T12:00:00Z,550,kWh,PLANT-B,true,maverick-q3-2026-complete-v1
complete-q3-v1-electricity-20260713T1300Z,2026-07-13T13:00:00Z,550,kWh,PLANT-B,true,maverick-q3-2026-complete-v1
complete-q3-v1-electricity-20260713T1400Z,2026-07-13T14:00:00Z,550,kWh,PLANT-B,true,maverick-q3-2026-complete-v1
complete-q3-v1-electricity-20260713T1500Z,2026-07-13T15:00:00Z,550,kWh,PLANT-B,true,maverick-q3-2026-complete-v1
complete-q3-v1-electricity-20260713T1600Z,2026-07-13T16:00:00Z,550,kWh,PLANT-B,true,maverick-q3-2026-complete-v1
complete-q3-v1-electricity-20260713T1700Z,2026-07-13T17:00:00Z,550,kWh,PLANT-B,true,maverick-q3-2026-complete-v1
complete-q3-v1-electricity-20260713T1800Z,2026-07-13T18:00:00Z,550,kWh,PLANT-B,true,maverick-q3-2026-complete-v1
complete-q3-v1-electricity-20260713T1900Z,2026-07-13T19:00:00Z,490,kWh,PLANT-B,true,maverick-q3-2026-complete-v1
complete-q3-v1-electricity-20260713T2000Z,2026-07-13T20:00:00Z,490,kWh,PLANT-B,true,maverick-q3-2026-complete-v1
complete-q3-v1-electricity-20260713T2100Z,2026-07-13T21:00:00Z,490,kWh,PLANT-B,true,maverick-q3-2026-complete-v1
complete-q3-v1-electricity-20260713T2200Z,2026-07-13T22:00:00Z,490,kWh,PLANT-B,true,maverick-q3-2026-complete-v1
complete-q3-v1-electricity-20260713T2300Z,2026-07-13T23:00:00Z,490,kWh,PLANT-B,true,maverick-q3-2026-complete-v1
complete-q3-v1-electricity-20260714T0000Z,2026-07-14T00:00:00Z,493,kWh,PLANT-B,true,maverick-q3-2026-complete-v1
complete-q3-v1-electricity-20260714T0100Z,2026-07-14T01:00:00Z,493,kWh,PLANT-B,true,maverick-q3-2026-complete-v1
complete-q3-v1-electricity-20260714T0200Z,2026-07-14T02:00:00Z,493,kWh,PLANT-B,true,maverick-q3-2026-complete-v1
complete-q3-v1-electricity-20260714T0300Z,2026-07-14T03:00:00Z,493,kWh,PLANT-B,true,maverick-q3-2026-complete-v1
complete-q3-v1-electricity-20260714T0400Z,2026-07-14T04:00:00Z,493,kWh,PLANT-B,true,maverick-q3-2026-complete-v1
complete-q3-v1-electricity-20260714T0500Z,2026-07-14T05:00:00Z,493,kWh,PLANT-B,true,maverick-q3-2026-complete-v1
complete-q3-v1-electricity-20260714T0600Z,2026-07-14T06:00:00Z,493,kWh,PLANT-B,true,maverick-q3-2026-complete-v1
complete-q3-v1-electricity-20260714T0700Z,2026-07-14T07:00:00Z,553,kWh,PLANT-B,true,maverick-q3-2026-complete-v1
complete-q3-v1-electricity-20260714T0800Z,2026-07-14T08:00:00Z,553,kWh,PLANT-B,true,maverick-q3-2026-complete-v1
complete-q3-v1-electricity-20260714T0900Z,2026-07-14T09:00:00Z,553,kWh,PLANT-B,true,maverick-q3-2026-complete-v1
complete-q3-v1-electricity-20260714T1000Z,2026-07-14T10:00:00Z,553,kWh,PLANT-B,true,maverick-q3-2026-complete-v1
complete-q3-v1-electricity-20260714T1100Z,2026-07-14T11:00:00Z,553,kWh,PLANT-B,true,maverick-q3-2026-complete-v1
complete-q3-v1-electricity-20260714T1200Z,2026-07-14T12:00:00Z,553,kWh,PLANT-B,true,maverick-q3-2026-complete-v1
complete-q3-v1-electricity-20260714T1300Z,2026-07-14T13:00:00Z,553,kWh,PLANT-B,true,maverick-q3-2026-complete-v1
complete-q3-v1-electricity-20260714T1400Z,2026-07-14T14:00:00Z,553,kWh,PLANT-B,true,maverick-q3-2026-complete-v1
complete-q3-v1-electricity-20260714T1500Z,2026-07-14T15:00:00Z,553,kWh,PLANT-B,true,maverick-q3-2026-complete-v1
complete-q3-v1-electricity-20260714T1600Z,2026-07-14T16:00:00Z,553,kWh,PLANT-B,true,maverick-q3-2026-complete-v1
complete-q3-v1-electricity-20260714T1700Z,2026-07-14T17:00:00Z,553,kWh,PLANT-B,true,maverick-q3-2026-complete-v1
complete-q3-v1-electricity-20260714T1800Z,2026-07-14T18:00:00Z,553,kWh,PLANT-B,true,maverick-q3-2026-complete-v1
complete-q3-v1-electricity-20260714T1900Z,2026-07-14T19:00:00Z,493,kWh,PLANT-B,true,maverick-q3-2026-complete-v1
complete-q3-v1-electricity-20260714T2000Z,2026-07-14T20:00:00Z,493,kWh,PLANT-B,true,maverick-q3-2026-complete-v1
complete-q3-v1-electricity-20260714T2100Z,2026-07-14T21:00:00Z,493,kWh,PLANT-B,true,maverick-q3-2026-complete-v1
complete-q3-v1-electricity-20260714T2200Z,2026-07-14T22:00:00Z,493,kWh,PLANT-B,true,maverick-q3-2026-complete-v1
complete-q3-v1-electricity-20260714T2300Z,2026-07-14T23:00:00Z,493,kWh,PLANT-B,true,maverick-q3-2026-complete-v1
complete-q3-v1-electricity-20260715T0000Z,2026-07-15T00:00:00Z,496,kWh,PLANT-B,true,maverick-q3-2026-complete-v1
complete-q3-v1-electricity-20260715T0100Z,2026-07-15T01:00:00Z,496,kWh,PLANT-B,true,maverick-q3-2026-complete-v1
complete-q3-v1-electricity-20260715T0200Z,2026-07-15T02:00:00Z,496,kWh,PLANT-B,true,maverick-q3-2026-complete-v1
complete-q3-v1-electricity-20260715T0300Z,2026-07-15T03:00:00Z,496,kWh,PLANT-B,true,maverick-q3-2026-complete-v1
complete-q3-v1-electricity-20260715T0400Z,2026-07-15T04:00:00Z,496,kWh,PLANT-B,true,maverick-q3-2026-complete-v1
complete-q3-v1-electricity-20260715T0500Z,2026-07-15T05:00:00Z,496,kWh,PLANT-B,true,maverick-q3-2026-complete-v1
complete-q3-v1-electricity-20260715T0600Z,2026-07-15T06:00:00Z,496,kWh,PLANT-B,true,maverick-q3-2026-complete-v1
complete-q3-v1-electricity-20260715T0700Z,2026-07-15T07:00:00Z,556,kWh,PLANT-B,true,maverick-q3-2026-complete-v1
complete-q3-v1-electricity-20260715T0800Z,2026-07-15T08:00:00Z,556,kWh,PLANT-B,true,maverick-q3-2026-complete-v1
complete-q3-v1-electricity-20260715T0900Z,2026-07-15T09:00:00Z,556,kWh,PLANT-B,true,maverick-q3-2026-complete-v1
complete-q3-v1-electricity-20260715T1000Z,2026-07-15T10:00:00Z,556,kWh,PLANT-B,true,maverick-q3-2026-complete-v1
complete-q3-v1-electricity-20260715T1100Z,2026-07-15T11:00:00Z,556,kWh,PLANT-B,true,maverick-q3-2026-complete-v1
complete-q3-v1-electricity-20260715T1200Z,2026-07-15T12:00:00Z,556,kWh,PLANT-B,true,maverick-q3-2026-complete-v1
complete-q3-v1-electricity-20260715T1300Z,2026-07-15T13:00:00Z,556,kWh,PLANT-B,true,maverick-q3-2026-complete-v1
complete-q3-v1-electricity-20260715T1400Z,2026-07-15T14:00:00Z,556,kWh,PLANT-B,true,maverick-q3-2026-complete-v1
complete-q3-v1-electricity-20260715T1500Z,2026-07-15T15:00:00Z,556,kWh,PLANT-B,true,maverick-q3-2026-complete-v1
complete-q3-v1-electricity-20260715T1600Z,2026-07-15T16:00:00Z,556,kWh,PLANT-B,true,maverick-q3-2026-complete-v1
complete-q3-v1-electricity-20260715T1700Z,2026-07-15T17:00:00Z,556,kWh,PLANT-B,true,maverick-q3-2026-complete-v1
complete-q3-v1-electricity-20260715T1800Z,2026-07-15T18:00:00Z,556,kWh,PLANT-B,true,maverick-q3-2026-complete-v1
complete-q3-v1-electricity-20260715T1900Z,2026-07-15T19:00:00Z,496,kWh,PLANT-B,true,maverick-q3-2026-complete-v1
complete-q3-v1-electricity-20260715T2000Z,2026-07-15T20:00:00Z,496,kWh,PLANT-B,true,maverick-q3-2026-complete-v1
complete-q3-v1-electricity-20260715T2100Z,2026-07-15T21:00:00Z,496,kWh,PLANT-B,true,maverick-q3-2026-complete-v1
complete-q3-v1-electricity-20260715T2200Z,2026-07-15T22:00:00Z,496,kWh,PLANT-B,true,maverick-q3-2026-complete-v1
complete-q3-v1-electricity-20260715T2300Z,2026-07-15T23:00:00Z,496,kWh,PLANT-B,true,maverick-q3-2026-complete-v1
complete-q3-v1-electricity-20260716T0000Z,2026-07-16T00:00:00Z,499,kWh,PLANT-B,true,maverick-q3-2026-complete-v1
complete-q3-v1-electricity-20260716T0100Z,2026-07-16T01:00:00Z,499,kWh,PLANT-B,true,maverick-q3-2026-complete-v1
complete-q3-v1-electricity-20260716T0200Z,2026-07-16T02:00:00Z,499,kWh,PLANT-B,true,maverick-q3-2026-complete-v1
complete-q3-v1-electricity-20260716T0300Z,2026-07-16T03:00:00Z,499,kWh,PLANT-B,true,maverick-q3-2026-complete-v1
complete-q3-v1-electricity-20260716T0400Z,2026-07-16T04:00:00Z,499,kWh,PLANT-B,true,maverick-q3-2026-complete-v1
complete-q3-v1-electricity-20260716T0500Z,2026-07-16T05:00:00Z,499,kWh,PLANT-B,true,maverick-q3-2026-complete-v1
complete-q3-v1-electricity-20260716T0600Z,2026-07-16T06:00:00Z,499,kWh,PLANT-B,true,maverick-q3-2026-complete-v1
complete-q3-v1-electricity-20260716T0700Z,2026-07-16T07:00:00Z,559,kWh,PLANT-B,true,maverick-q3-2026-complete-v1
complete-q3-v1-electricity-20260716T0800Z,2026-07-16T08:00:00Z,559,kWh,PLANT-B,true,maverick-q3-2026-complete-v1
complete-q3-v1-electricity-20260716T0900Z,2026-07-16T09:00:00Z,559,kWh,PLANT-B,true,maverick-q3-2026-complete-v1
complete-q3-v1-electricity-20260716T1000Z,2026-07-16T10:00:00Z,559,kWh,PLANT-B,true,maverick-q3-2026-complete-v1
complete-q3-v1-electricity-20260716T1100Z,2026-07-16T11:00:00Z,559,kWh,PLANT-B,true,maverick-q3-2026-complete-v1
complete-q3-v1-electricity-20260716T1200Z,2026-07-16T12:00:00Z,559,kWh,PLANT-B,true,maverick-q3-2026-complete-v1
complete-q3-v1-electricity-20260716T1300Z,2026-07-16T13:00:00Z,559,kWh,PLANT-B,true,maverick-q3-2026-complete-v1
complete-q3-v1-electricity-20260716T1400Z,2026-07-16T14:00:00Z,559,kWh,PLANT-B,true,maverick-q3-2026-complete-v1
complete-q3-v1-electricity-20260716T1500Z,2026-07-16T15:00:00Z,559,kWh,PLANT-B,true,maverick-q3-2026-complete-v1
complete-q3-v1-electricity-20260716T1600Z,2026-07-16T16:00:00Z,559,kWh,PLANT-B,true,maverick-q3-2026-complete-v1
complete-q3-v1-electricity-20260716T1700Z,2026-07-16T17:00:00Z,559,kWh,PLANT-B,true,maverick-q3-2026-complete-v1
complete-q3-v1-electricity-20260716T1800Z,2026-07-16T18:00:00Z,559,kWh,PLANT-B,true,maverick-q3-2026-complete-v1
complete-q3-v1-electricity-20260716T1900Z,2026-07-16T19:00:00Z,499,kWh,PLANT-B,true,maverick-q3-2026-complete-v1
complete-q3-v1-electricity-20260716T2000Z,2026-07-16T20:00:00Z,499,kWh,PLANT-B,true,maverick-q3-2026-complete-v1
complete-q3-v1-electricity-20260716T2100Z,2026-07-16T21:00:00Z,499,kWh,PLANT-B,true,maverick-q3-2026-complete-v1
complete-q3-v1-electricity-20260716T2200Z,2026-07-16T22:00:00Z,499,kWh,PLANT-B,true,maverick-q3-2026-complete-v1
complete-q3-v1-electricity-20260716T2300Z,2026-07-16T23:00:00Z,499,kWh,PLANT-B,true,maverick-q3-2026-complete-v1
complete-q3-v1-electricity-20260717T0000Z,2026-07-17T00:00:00Z,469,kWh,PLANT-B,true,maverick-q3-2026-complete-v1
complete-q3-v1-electricity-20260717T0100Z,2026-07-17T01:00:00Z,469,kWh,PLANT-B,true,maverick-q3-2026-complete-v1
complete-q3-v1-electricity-20260717T0200Z,2026-07-17T02:00:00Z,469,kWh,PLANT-B,true,maverick-q3-2026-complete-v1
complete-q3-v1-electricity-20260717T0300Z,2026-07-17T03:00:00Z,469,kWh,PLANT-B,true,maverick-q3-2026-complete-v1
complete-q3-v1-electricity-20260717T0400Z,2026-07-17T04:00:00Z,469,kWh,PLANT-B,true,maverick-q3-2026-complete-v1
complete-q3-v1-electricity-20260717T0500Z,2026-07-17T05:00:00Z,469,kWh,PLANT-B,true,maverick-q3-2026-complete-v1
complete-q3-v1-electricity-20260717T0600Z,2026-07-17T06:00:00Z,469,kWh,PLANT-B,true,maverick-q3-2026-complete-v1
complete-q3-v1-electricity-20260717T0700Z,2026-07-17T07:00:00Z,529,kWh,PLANT-B,true,maverick-q3-2026-complete-v1
complete-q3-v1-electricity-20260717T0800Z,2026-07-17T08:00:00Z,529,kWh,PLANT-B,true,maverick-q3-2026-complete-v1
complete-q3-v1-electricity-20260717T0900Z,2026-07-17T09:00:00Z,529,kWh,PLANT-B,true,maverick-q3-2026-complete-v1
complete-q3-v1-electricity-20260717T1000Z,2026-07-17T10:00:00Z,529,kWh,PLANT-B,true,maverick-q3-2026-complete-v1
complete-q3-v1-electricity-20260717T1100Z,2026-07-17T11:00:00Z,529,kWh,PLANT-B,true,maverick-q3-2026-complete-v1
complete-q3-v1-electricity-20260717T1200Z,2026-07-17T12:00:00Z,529,kWh,PLANT-B,true,maverick-q3-2026-complete-v1
complete-q3-v1-electricity-20260717T1300Z,2026-07-17T13:00:00Z,529,kWh,PLANT-B,true,maverick-q3-2026-complete-v1
complete-q3-v1-electricity-20260717T1400Z,2026-07-17T14:00:00Z,529,kWh,PLANT-B,true,maverick-q3-2026-complete-v1
complete-q3-v1-electricity-20260717T1500Z,2026-07-17T15:00:00Z,529,kWh,PLANT-B,true,maverick-q3-2026-complete-v1
complete-q3-v1-electricity-20260717T1600Z,2026-07-17T16:00:00Z,529,kWh,PLANT-B,true,maverick-q3-2026-complete-v1
complete-q3-v1-electricity-20260717T1700Z,2026-07-17T17:00:00Z,529,kWh,PLANT-B,true,maverick-q3-2026-complete-v1
complete-q3-v1-electricity-20260717T1800Z,2026-07-17T18:00:00Z,529,kWh,PLANT-B,true,maverick-q3-2026-complete-v1
complete-q3-v1-electricity-20260717T1900Z,2026-07-17T19:00:00Z,469,kWh,PLANT-B,true,maverick-q3-2026-complete-v1
complete-q3-v1-electricity-20260717T2000Z,2026-07-17T20:00:00Z,469,kWh,PLANT-B,true,maverick-q3-2026-complete-v1
complete-q3-v1-electricity-20260717T2100Z,2026-07-17T21:00:00Z,469,kWh,PLANT-B,true,maverick-q3-2026-complete-v1
complete-q3-v1-electricity-20260717T2200Z,2026-07-17T22:00:00Z,469,kWh,PLANT-B,true,maverick-q3-2026-complete-v1
complete-q3-v1-electricity-20260717T2300Z,2026-07-17T23:00:00Z,469,kWh,PLANT-B,true,maverick-q3-2026-complete-v1
complete-q3-v1-electricity-20260718T0000Z,2026-07-18T00:00:00Z,430,kWh,PLANT-B,true,maverick-q3-2026-complete-v1
complete-q3-v1-electricity-20260718T0100Z,2026-07-18T01:00:00Z,430,kWh,PLANT-B,true,maverick-q3-2026-complete-v1
complete-q3-v1-electricity-20260718T0200Z,2026-07-18T02:00:00Z,430,kWh,PLANT-B,true,maverick-q3-2026-complete-v1
complete-q3-v1-electricity-20260718T0300Z,2026-07-18T03:00:00Z,430,kWh,PLANT-B,true,maverick-q3-2026-complete-v1
complete-q3-v1-electricity-20260718T0400Z,2026-07-18T04:00:00Z,430,kWh,PLANT-B,true,maverick-q3-2026-complete-v1
complete-q3-v1-electricity-20260718T0500Z,2026-07-18T05:00:00Z,430,kWh,PLANT-B,true,maverick-q3-2026-complete-v1
complete-q3-v1-electricity-20260718T0600Z,2026-07-18T06:00:00Z,430,kWh,PLANT-B,true,maverick-q3-2026-complete-v1
complete-q3-v1-electricity-20260718T0700Z,2026-07-18T07:00:00Z,490,kWh,PLANT-B,true,maverick-q3-2026-complete-v1
complete-q3-v1-electricity-20260718T0800Z,2026-07-18T08:00:00Z,490,kWh,PLANT-B,true,maverick-q3-2026-complete-v1
complete-q3-v1-electricity-20260718T0900Z,2026-07-18T09:00:00Z,490,kWh,PLANT-B,true,maverick-q3-2026-complete-v1
complete-q3-v1-electricity-20260718T1000Z,2026-07-18T10:00:00Z,490,kWh,PLANT-B,true,maverick-q3-2026-complete-v1
complete-q3-v1-electricity-20260718T1100Z,2026-07-18T11:00:00Z,490,kWh,PLANT-B,true,maverick-q3-2026-complete-v1
complete-q3-v1-electricity-20260718T1200Z,2026-07-18T12:00:00Z,490,kWh,PLANT-B,true,maverick-q3-2026-complete-v1
complete-q3-v1-electricity-20260718T1300Z,2026-07-18T13:00:00Z,490,kWh,PLANT-B,true,maverick-q3-2026-complete-v1
complete-q3-v1-electricity-20260718T1400Z,2026-07-18T14:00:00Z,490,kWh,PLANT-B,true,maverick-q3-2026-complete-v1
complete-q3-v1-electricity-20260718T1500Z,2026-07-18T15:00:00Z,490,kWh,PLANT-B,true,maverick-q3-2026-complete-v1
complete-q3-v1-electricity-20260718T1600Z,2026-07-18T16:00:00Z,490,kWh,PLANT-B,true,maverick-q3-2026-complete-v1
complete-q3-v1-electricity-20260718T1700Z,2026-07-18T17:00:00Z,490,kWh,PLANT-B,true,maverick-q3-2026-complete-v1
complete-q3-v1-electricity-20260718T1800Z,2026-07-18T18:00:00Z,490,kWh,PLANT-B,true,maverick-q3-2026-complete-v1
complete-q3-v1-electricity-20260718T1900Z,2026-07-18T19:00:00Z,430,kWh,PLANT-B,true,maverick-q3-2026-complete-v1
complete-q3-v1-electricity-20260718T2000Z,2026-07-18T20:00:00Z,430,kWh,PLANT-B,true,maverick-q3-2026-complete-v1
complete-q3-v1-electricity-20260718T2100Z,2026-07-18T21:00:00Z,430,kWh,PLANT-B,true,maverick-q3-2026-complete-v1
complete-q3-v1-electricity-20260718T2200Z,2026-07-18T22:00:00Z,430,kWh,PLANT-B,true,maverick-q3-2026-complete-v1
complete-q3-v1-electricity-20260718T2300Z,2026-07-18T23:00:00Z,430,kWh,PLANT-B,true,maverick-q3-2026-complete-v1
complete-q3-v1-electricity-20260719T0000Z,2026-07-19T00:00:00Z,433,kWh,PLANT-B,true,maverick-q3-2026-complete-v1
complete-q3-v1-electricity-20260719T0100Z,2026-07-19T01:00:00Z,433,kWh,PLANT-B,true,maverick-q3-2026-complete-v1
complete-q3-v1-electricity-20260719T0200Z,2026-07-19T02:00:00Z,433,kWh,PLANT-B,true,maverick-q3-2026-complete-v1
complete-q3-v1-electricity-20260719T0300Z,2026-07-19T03:00:00Z,433,kWh,PLANT-B,true,maverick-q3-2026-complete-v1
complete-q3-v1-electricity-20260719T0400Z,2026-07-19T04:00:00Z,433,kWh,PLANT-B,true,maverick-q3-2026-complete-v1
complete-q3-v1-electricity-20260719T0500Z,2026-07-19T05:00:00Z,433,kWh,PLANT-B,true,maverick-q3-2026-complete-v1
complete-q3-v1-electricity-20260719T0600Z,2026-07-19T06:00:00Z,433,kWh,PLANT-B,true,maverick-q3-2026-complete-v1
complete-q3-v1-electricity-20260719T0700Z,2026-07-19T07:00:00Z,493,kWh,PLANT-B,true,maverick-q3-2026-complete-v1
complete-q3-v1-electricity-20260719T0800Z,2026-07-19T08:00:00Z,493,kWh,PLANT-B,true,maverick-q3-2026-complete-v1
complete-q3-v1-electricity-20260719T0900Z,2026-07-19T09:00:00Z,493,kWh,PLANT-B,true,maverick-q3-2026-complete-v1
complete-q3-v1-electricity-20260719T1000Z,2026-07-19T10:00:00Z,493,kWh,PLANT-B,true,maverick-q3-2026-complete-v1
complete-q3-v1-electricity-20260719T1100Z,2026-07-19T11:00:00Z,493,kWh,PLANT-B,true,maverick-q3-2026-complete-v1
complete-q3-v1-electricity-20260719T1200Z,2026-07-19T12:00:00Z,493,kWh,PLANT-B,true,maverick-q3-2026-complete-v1
complete-q3-v1-electricity-20260719T1300Z,2026-07-19T13:00:00Z,493,kWh,PLANT-B,true,maverick-q3-2026-complete-v1
complete-q3-v1-electricity-20260719T1400Z,2026-07-19T14:00:00Z,493,kWh,PLANT-B,true,maverick-q3-2026-complete-v1
complete-q3-v1-electricity-20260719T1500Z,2026-07-19T15:00:00Z,493,kWh,PLANT-B,true,maverick-q3-2026-complete-v1
complete-q3-v1-electricity-20260719T1600Z,2026-07-19T16:00:00Z,493,kWh,PLANT-B,true,maverick-q3-2026-complete-v1
complete-q3-v1-electricity-20260719T1700Z,2026-07-19T17:00:00Z,493,kWh,PLANT-B,true,maverick-q3-2026-complete-v1
complete-q3-v1-electricity-20260719T1800Z,2026-07-19T18:00:00Z,493,kWh,PLANT-B,true,maverick-q3-2026-complete-v1
complete-q3-v1-electricity-20260719T1900Z,2026-07-19T19:00:00Z,433,kWh,PLANT-B,true,maverick-q3-2026-complete-v1
complete-q3-v1-electricity-20260719T2000Z,2026-07-19T20:00:00Z,433,kWh,PLANT-B,true,maverick-q3-2026-complete-v1
complete-q3-v1-electricity-20260719T2100Z,2026-07-19T21:00:00Z,433,kWh,PLANT-B,true,maverick-q3-2026-complete-v1
complete-q3-v1-electricity-20260719T2200Z,2026-07-19T22:00:00Z,433,kWh,PLANT-B,true,maverick-q3-2026-complete-v1
complete-q3-v1-electricity-20260719T2300Z,2026-07-19T23:00:00Z,433,kWh,PLANT-B,true,maverick-q3-2026-complete-v1
complete-q3-v1-electricity-20260720T0000Z,2026-07-20T00:00:00Z,478,kWh,PLANT-B,true,maverick-q3-2026-complete-v1
complete-q3-v1-electricity-20260720T0100Z,2026-07-20T01:00:00Z,478,kWh,PLANT-B,true,maverick-q3-2026-complete-v1
complete-q3-v1-electricity-20260720T0200Z,2026-07-20T02:00:00Z,478,kWh,PLANT-B,true,maverick-q3-2026-complete-v1
complete-q3-v1-electricity-20260720T0300Z,2026-07-20T03:00:00Z,478,kWh,PLANT-B,true,maverick-q3-2026-complete-v1
complete-q3-v1-electricity-20260720T0400Z,2026-07-20T04:00:00Z,478,kWh,PLANT-B,true,maverick-q3-2026-complete-v1
complete-q3-v1-electricity-20260720T0500Z,2026-07-20T05:00:00Z,478,kWh,PLANT-B,true,maverick-q3-2026-complete-v1
complete-q3-v1-electricity-20260720T0600Z,2026-07-20T06:00:00Z,478,kWh,PLANT-B,true,maverick-q3-2026-complete-v1
complete-q3-v1-electricity-20260720T0700Z,2026-07-20T07:00:00Z,538,kWh,PLANT-B,true,maverick-q3-2026-complete-v1
complete-q3-v1-electricity-20260720T0800Z,2026-07-20T08:00:00Z,538,kWh,PLANT-B,true,maverick-q3-2026-complete-v1
complete-q3-v1-electricity-20260720T0900Z,2026-07-20T09:00:00Z,538,kWh,PLANT-B,true,maverick-q3-2026-complete-v1
complete-q3-v1-electricity-20260720T1000Z,2026-07-20T10:00:00Z,538,kWh,PLANT-B,true,maverick-q3-2026-complete-v1
complete-q3-v1-electricity-20260720T1100Z,2026-07-20T11:00:00Z,538,kWh,PLANT-B,true,maverick-q3-2026-complete-v1
complete-q3-v1-electricity-20260720T1200Z,2026-07-20T12:00:00Z,538,kWh,PLANT-B,true,maverick-q3-2026-complete-v1
complete-q3-v1-electricity-20260720T1300Z,2026-07-20T13:00:00Z,538,kWh,PLANT-B,true,maverick-q3-2026-complete-v1
complete-q3-v1-electricity-20260720T1400Z,2026-07-20T14:00:00Z,538,kWh,PLANT-B,true,maverick-q3-2026-complete-v1
complete-q3-v1-electricity-20260720T1500Z,2026-07-20T15:00:00Z,538,kWh,PLANT-B,true,maverick-q3-2026-complete-v1
complete-q3-v1-electricity-20260720T1600Z,2026-07-20T16:00:00Z,538,kWh,PLANT-B,true,maverick-q3-2026-complete-v1
complete-q3-v1-electricity-20260720T1700Z,2026-07-20T17:00:00Z,538,kWh,PLANT-B,true,maverick-q3-2026-complete-v1
complete-q3-v1-electricity-20260720T1800Z,2026-07-20T18:00:00Z,538,kWh,PLANT-B,true,maverick-q3-2026-complete-v1
complete-q3-v1-electricity-20260720T1900Z,2026-07-20T19:00:00Z,478,kWh,PLANT-B,true,maverick-q3-2026-complete-v1
complete-q3-v1-electricity-20260720T2000Z,2026-07-20T20:00:00Z,478,kWh,PLANT-B,true,maverick-q3-2026-complete-v1
complete-q3-v1-electricity-20260720T2100Z,2026-07-20T21:00:00Z,478,kWh,PLANT-B,true,maverick-q3-2026-complete-v1
complete-q3-v1-electricity-20260720T2200Z,2026-07-20T22:00:00Z,478,kWh,PLANT-B,true,maverick-q3-2026-complete-v1
complete-q3-v1-electricity-20260720T2300Z,2026-07-20T23:00:00Z,478,kWh,PLANT-B,true,maverick-q3-2026-complete-v1
complete-q3-v1-electricity-20260721T0000Z,2026-07-21T00:00:00Z,481,kWh,PLANT-B,true,maverick-q3-2026-complete-v1
complete-q3-v1-electricity-20260721T0100Z,2026-07-21T01:00:00Z,481,kWh,PLANT-B,true,maverick-q3-2026-complete-v1
complete-q3-v1-electricity-20260721T0200Z,2026-07-21T02:00:00Z,481,kWh,PLANT-B,true,maverick-q3-2026-complete-v1
complete-q3-v1-electricity-20260721T0300Z,2026-07-21T03:00:00Z,481,kWh,PLANT-B,true,maverick-q3-2026-complete-v1
complete-q3-v1-electricity-20260721T0400Z,2026-07-21T04:00:00Z,481,kWh,PLANT-B,true,maverick-q3-2026-complete-v1
complete-q3-v1-electricity-20260721T0500Z,2026-07-21T05:00:00Z,481,kWh,PLANT-B,true,maverick-q3-2026-complete-v1
complete-q3-v1-electricity-20260721T0600Z,2026-07-21T06:00:00Z,481,kWh,PLANT-B,true,maverick-q3-2026-complete-v1
complete-q3-v1-electricity-20260721T0700Z,2026-07-21T07:00:00Z,541,kWh,PLANT-B,true,maverick-q3-2026-complete-v1
complete-q3-v1-electricity-20260721T0800Z,2026-07-21T08:00:00Z,541,kWh,PLANT-B,true,maverick-q3-2026-complete-v1
complete-q3-v1-electricity-20260721T0900Z,2026-07-21T09:00:00Z,541,kWh,PLANT-B,true,maverick-q3-2026-complete-v1
complete-q3-v1-electricity-20260721T1000Z,2026-07-21T10:00:00Z,541,kWh,PLANT-B,true,maverick-q3-2026-complete-v1
complete-q3-v1-electricity-20260721T1100Z,2026-07-21T11:00:00Z,541,kWh,PLANT-B,true,maverick-q3-2026-complete-v1
complete-q3-v1-electricity-20260721T1200Z,2026-07-21T12:00:00Z,541,kWh,PLANT-B,true,maverick-q3-2026-complete-v1
complete-q3-v1-electricity-20260721T1300Z,2026-07-21T13:00:00Z,541,kWh,PLANT-B,true,maverick-q3-2026-complete-v1
complete-q3-v1-electricity-20260721T1400Z,2026-07-21T14:00:00Z,541,kWh,PLANT-B,true,maverick-q3-2026-complete-v1
complete-q3-v1-electricity-20260721T1500Z,2026-07-21T15:00:00Z,541,kWh,PLANT-B,true,maverick-q3-2026-complete-v1
complete-q3-v1-electricity-20260721T1600Z,2026-07-21T16:00:00Z,541,kWh,PLANT-B,true,maverick-q3-2026-complete-v1
complete-q3-v1-electricity-20260721T1700Z,2026-07-21T17:00:00Z,541,kWh,PLANT-B,true,maverick-q3-2026-complete-v1
complete-q3-v1-electricity-20260721T1800Z,2026-07-21T18:00:00Z,541,kWh,PLANT-B,true,maverick-q3-2026-complete-v1
complete-q3-v1-electricity-20260721T1900Z,2026-07-21T19:00:00Z,481,kWh,PLANT-B,true,maverick-q3-2026-complete-v1
complete-q3-v1-electricity-20260721T2000Z,2026-07-21T20:00:00Z,481,kWh,PLANT-B,true,maverick-q3-2026-complete-v1
complete-q3-v1-electricity-20260721T2100Z,2026-07-21T21:00:00Z,481,kWh,PLANT-B,true,maverick-q3-2026-complete-v1
complete-q3-v1-electricity-20260721T2200Z,2026-07-21T22:00:00Z,481,kWh,PLANT-B,true,maverick-q3-2026-complete-v1
complete-q3-v1-electricity-20260721T2300Z,2026-07-21T23:00:00Z,481,kWh,PLANT-B,true,maverick-q3-2026-complete-v1
complete-q3-v1-electricity-20260722T0000Z,2026-07-22T00:00:00Z,484,kWh,PLANT-B,true,maverick-q3-2026-complete-v1
complete-q3-v1-electricity-20260722T0100Z,2026-07-22T01:00:00Z,484,kWh,PLANT-B,true,maverick-q3-2026-complete-v1
complete-q3-v1-electricity-20260722T0200Z,2026-07-22T02:00:00Z,484,kWh,PLANT-B,true,maverick-q3-2026-complete-v1
complete-q3-v1-electricity-20260722T0300Z,2026-07-22T03:00:00Z,484,kWh,PLANT-B,true,maverick-q3-2026-complete-v1
complete-q3-v1-electricity-20260722T0400Z,2026-07-22T04:00:00Z,484,kWh,PLANT-B,true,maverick-q3-2026-complete-v1
complete-q3-v1-electricity-20260722T0500Z,2026-07-22T05:00:00Z,484,kWh,PLANT-B,true,maverick-q3-2026-complete-v1
complete-q3-v1-electricity-20260722T0600Z,2026-07-22T06:00:00Z,484,kWh,PLANT-B,true,maverick-q3-2026-complete-v1
complete-q3-v1-electricity-20260722T0700Z,2026-07-22T07:00:00Z,544,kWh,PLANT-B,true,maverick-q3-2026-complete-v1
complete-q3-v1-electricity-20260722T0800Z,2026-07-22T08:00:00Z,544,kWh,PLANT-B,true,maverick-q3-2026-complete-v1
complete-q3-v1-electricity-20260722T0900Z,2026-07-22T09:00:00Z,544,kWh,PLANT-B,true,maverick-q3-2026-complete-v1
complete-q3-v1-electricity-20260722T1000Z,2026-07-22T10:00:00Z,544,kWh,PLANT-B,true,maverick-q3-2026-complete-v1
complete-q3-v1-electricity-20260722T1100Z,2026-07-22T11:00:00Z,544,kWh,PLANT-B,true,maverick-q3-2026-complete-v1
complete-q3-v1-electricity-20260722T1200Z,2026-07-22T12:00:00Z,544,kWh,PLANT-B,true,maverick-q3-2026-complete-v1
complete-q3-v1-electricity-20260722T1300Z,2026-07-22T13:00:00Z,544,kWh,PLANT-B,true,maverick-q3-2026-complete-v1
complete-q3-v1-electricity-20260722T1400Z,2026-07-22T14:00:00Z,544,kWh,PLANT-B,true,maverick-q3-2026-complete-v1
complete-q3-v1-electricity-20260722T1500Z,2026-07-22T15:00:00Z,544,kWh,PLANT-B,true,maverick-q3-2026-complete-v1
complete-q3-v1-electricity-20260722T1600Z,2026-07-22T16:00:00Z,544,kWh,PLANT-B,true,maverick-q3-2026-complete-v1
complete-q3-v1-electricity-20260722T1700Z,2026-07-22T17:00:00Z,544,kWh,PLANT-B,true,maverick-q3-2026-complete-v1
complete-q3-v1-electricity-20260722T1800Z,2026-07-22T18:00:00Z,544,kWh,PLANT-B,true,maverick-q3-2026-complete-v1
complete-q3-v1-electricity-20260722T1900Z,2026-07-22T19:00:00Z,484,kWh,PLANT-B,true,maverick-q3-2026-complete-v1
complete-q3-v1-electricity-20260722T2000Z,2026-07-22T20:00:00Z,484,kWh,PLANT-B,true,maverick-q3-2026-complete-v1
complete-q3-v1-electricity-20260722T2100Z,2026-07-22T21:00:00Z,484,kWh,PLANT-B,true,maverick-q3-2026-complete-v1
complete-q3-v1-electricity-20260722T2200Z,2026-07-22T22:00:00Z,484,kWh,PLANT-B,true,maverick-q3-2026-complete-v1
complete-q3-v1-electricity-20260722T2300Z,2026-07-22T23:00:00Z,484,kWh,PLANT-B,true,maverick-q3-2026-complete-v1
complete-q3-v1-electricity-20260723T0000Z,2026-07-23T00:00:00Z,487,kWh,PLANT-B,true,maverick-q3-2026-complete-v1
complete-q3-v1-electricity-20260723T0100Z,2026-07-23T01:00:00Z,487,kWh,PLANT-B,true,maverick-q3-2026-complete-v1
complete-q3-v1-electricity-20260723T0200Z,2026-07-23T02:00:00Z,487,kWh,PLANT-B,true,maverick-q3-2026-complete-v1
complete-q3-v1-electricity-20260723T0300Z,2026-07-23T03:00:00Z,487,kWh,PLANT-B,true,maverick-q3-2026-complete-v1
complete-q3-v1-electricity-20260723T0400Z,2026-07-23T04:00:00Z,487,kWh,PLANT-B,true,maverick-q3-2026-complete-v1
complete-q3-v1-electricity-20260723T0500Z,2026-07-23T05:00:00Z,487,kWh,PLANT-B,true,maverick-q3-2026-complete-v1
complete-q3-v1-electricity-20260723T0600Z,2026-07-23T06:00:00Z,487,kWh,PLANT-B,true,maverick-q3-2026-complete-v1
complete-q3-v1-electricity-20260723T0700Z,2026-07-23T07:00:00Z,547,kWh,PLANT-B,true,maverick-q3-2026-complete-v1
complete-q3-v1-electricity-20260723T0800Z,2026-07-23T08:00:00Z,547,kWh,PLANT-B,true,maverick-q3-2026-complete-v1
complete-q3-v1-electricity-20260723T0900Z,2026-07-23T09:00:00Z,547,kWh,PLANT-B,true,maverick-q3-2026-complete-v1
complete-q3-v1-electricity-20260723T1000Z,2026-07-23T10:00:00Z,547,kWh,PLANT-B,true,maverick-q3-2026-complete-v1
complete-q3-v1-electricity-20260723T1100Z,2026-07-23T11:00:00Z,547,kWh,PLANT-B,true,maverick-q3-2026-complete-v1
complete-q3-v1-electricity-20260723T1200Z,2026-07-23T12:00:00Z,547,kWh,PLANT-B,true,maverick-q3-2026-complete-v1
complete-q3-v1-electricity-20260723T1300Z,2026-07-23T13:00:00Z,547,kWh,PLANT-B,true,maverick-q3-2026-complete-v1
complete-q3-v1-electricity-20260723T1400Z,2026-07-23T14:00:00Z,547,kWh,PLANT-B,true,maverick-q3-2026-complete-v1
complete-q3-v1-electricity-20260723T1500Z,2026-07-23T15:00:00Z,547,kWh,PLANT-B,true,maverick-q3-2026-complete-v1
complete-q3-v1-electricity-20260723T1600Z,2026-07-23T16:00:00Z,547,kWh,PLANT-B,true,maverick-q3-2026-complete-v1
complete-q3-v1-electricity-20260723T1700Z,2026-07-23T17:00:00Z,547,kWh,PLANT-B,true,maverick-q3-2026-complete-v1
complete-q3-v1-electricity-20260723T1800Z,2026-07-23T18:00:00Z,547,kWh,PLANT-B,true,maverick-q3-2026-complete-v1
complete-q3-v1-electricity-20260723T1900Z,2026-07-23T19:00:00Z,487,kWh,PLANT-B,true,maverick-q3-2026-complete-v1
complete-q3-v1-electricity-20260723T2000Z,2026-07-23T20:00:00Z,487,kWh,PLANT-B,true,maverick-q3-2026-complete-v1
complete-q3-v1-electricity-20260723T2100Z,2026-07-23T21:00:00Z,487,kWh,PLANT-B,true,maverick-q3-2026-complete-v1
complete-q3-v1-electricity-20260723T2200Z,2026-07-23T22:00:00Z,487,kWh,PLANT-B,true,maverick-q3-2026-complete-v1
complete-q3-v1-electricity-20260723T2300Z,2026-07-23T23:00:00Z,487,kWh,PLANT-B,true,maverick-q3-2026-complete-v1
complete-q3-v1-electricity-20260724T0000Z,2026-07-24T00:00:00Z,490,kWh,PLANT-B,true,maverick-q3-2026-complete-v1
complete-q3-v1-electricity-20260724T0100Z,2026-07-24T01:00:00Z,490,kWh,PLANT-B,true,maverick-q3-2026-complete-v1
complete-q3-v1-electricity-20260724T0200Z,2026-07-24T02:00:00Z,490,kWh,PLANT-B,true,maverick-q3-2026-complete-v1
complete-q3-v1-electricity-20260724T0300Z,2026-07-24T03:00:00Z,490,kWh,PLANT-B,true,maverick-q3-2026-complete-v1
complete-q3-v1-electricity-20260724T0400Z,2026-07-24T04:00:00Z,490,kWh,PLANT-B,true,maverick-q3-2026-complete-v1
complete-q3-v1-electricity-20260724T0500Z,2026-07-24T05:00:00Z,490,kWh,PLANT-B,true,maverick-q3-2026-complete-v1
complete-q3-v1-electricity-20260724T0600Z,2026-07-24T06:00:00Z,490,kWh,PLANT-B,true,maverick-q3-2026-complete-v1
complete-q3-v1-electricity-20260724T0700Z,2026-07-24T07:00:00Z,550,kWh,PLANT-B,true,maverick-q3-2026-complete-v1
complete-q3-v1-electricity-20260724T0800Z,2026-07-24T08:00:00Z,550,kWh,PLANT-B,true,maverick-q3-2026-complete-v1
complete-q3-v1-electricity-20260724T0900Z,2026-07-24T09:00:00Z,550,kWh,PLANT-B,true,maverick-q3-2026-complete-v1
complete-q3-v1-electricity-20260724T1000Z,2026-07-24T10:00:00Z,550,kWh,PLANT-B,true,maverick-q3-2026-complete-v1
complete-q3-v1-electricity-20260724T1100Z,2026-07-24T11:00:00Z,550,kWh,PLANT-B,true,maverick-q3-2026-complete-v1
complete-q3-v1-electricity-20260724T1200Z,2026-07-24T12:00:00Z,550,kWh,PLANT-B,true,maverick-q3-2026-complete-v1
complete-q3-v1-electricity-20260724T1300Z,2026-07-24T13:00:00Z,550,kWh,PLANT-B,true,maverick-q3-2026-complete-v1
complete-q3-v1-electricity-20260724T1400Z,2026-07-24T14:00:00Z,550,kWh,PLANT-B,true,maverick-q3-2026-complete-v1
complete-q3-v1-electricity-20260724T1500Z,2026-07-24T15:00:00Z,550,kWh,PLANT-B,true,maverick-q3-2026-complete-v1
complete-q3-v1-electricity-20260724T1600Z,2026-07-24T16:00:00Z,550,kWh,PLANT-B,true,maverick-q3-2026-complete-v1
complete-q3-v1-electricity-20260724T1700Z,2026-07-24T17:00:00Z,550,kWh,PLANT-B,true,maverick-q3-2026-complete-v1
complete-q3-v1-electricity-20260724T1800Z,2026-07-24T18:00:00Z,550,kWh,PLANT-B,true,maverick-q3-2026-complete-v1
complete-q3-v1-electricity-20260724T1900Z,2026-07-24T19:00:00Z,490,kWh,PLANT-B,true,maverick-q3-2026-complete-v1
complete-q3-v1-electricity-20260724T2000Z,2026-07-24T20:00:00Z,490,kWh,PLANT-B,true,maverick-q3-2026-complete-v1
complete-q3-v1-electricity-20260724T2100Z,2026-07-24T21:00:00Z,490,kWh,PLANT-B,true,maverick-q3-2026-complete-v1
complete-q3-v1-electricity-20260724T2200Z,2026-07-24T22:00:00Z,490,kWh,PLANT-B,true,maverick-q3-2026-complete-v1
complete-q3-v1-electricity-20260724T2300Z,2026-07-24T23:00:00Z,490,kWh,PLANT-B,true,maverick-q3-2026-complete-v1
complete-q3-v1-electricity-20260725T0000Z,2026-07-25T00:00:00Z,451,kWh,PLANT-B,true,maverick-q3-2026-complete-v1
complete-q3-v1-electricity-20260725T0100Z,2026-07-25T01:00:00Z,451,kWh,PLANT-B,true,maverick-q3-2026-complete-v1
complete-q3-v1-electricity-20260725T0200Z,2026-07-25T02:00:00Z,451,kWh,PLANT-B,true,maverick-q3-2026-complete-v1
complete-q3-v1-electricity-20260725T0300Z,2026-07-25T03:00:00Z,451,kWh,PLANT-B,true,maverick-q3-2026-complete-v1
complete-q3-v1-electricity-20260725T0400Z,2026-07-25T04:00:00Z,451,kWh,PLANT-B,true,maverick-q3-2026-complete-v1
complete-q3-v1-electricity-20260725T0500Z,2026-07-25T05:00:00Z,451,kWh,PLANT-B,true,maverick-q3-2026-complete-v1
complete-q3-v1-electricity-20260725T0600Z,2026-07-25T06:00:00Z,451,kWh,PLANT-B,true,maverick-q3-2026-complete-v1
complete-q3-v1-electricity-20260725T0700Z,2026-07-25T07:00:00Z,511,kWh,PLANT-B,true,maverick-q3-2026-complete-v1
complete-q3-v1-electricity-20260725T0800Z,2026-07-25T08:00:00Z,511,kWh,PLANT-B,true,maverick-q3-2026-complete-v1
complete-q3-v1-electricity-20260725T0900Z,2026-07-25T09:00:00Z,511,kWh,PLANT-B,true,maverick-q3-2026-complete-v1
complete-q3-v1-electricity-20260725T1000Z,2026-07-25T10:00:00Z,511,kWh,PLANT-B,true,maverick-q3-2026-complete-v1
complete-q3-v1-electricity-20260725T1100Z,2026-07-25T11:00:00Z,511,kWh,PLANT-B,true,maverick-q3-2026-complete-v1
complete-q3-v1-electricity-20260725T1200Z,2026-07-25T12:00:00Z,511,kWh,PLANT-B,true,maverick-q3-2026-complete-v1
complete-q3-v1-electricity-20260725T1300Z,2026-07-25T13:00:00Z,511,kWh,PLANT-B,true,maverick-q3-2026-complete-v1
complete-q3-v1-electricity-20260725T1400Z,2026-07-25T14:00:00Z,511,kWh,PLANT-B,true,maverick-q3-2026-complete-v1
complete-q3-v1-electricity-20260725T1500Z,2026-07-25T15:00:00Z,511,kWh,PLANT-B,true,maverick-q3-2026-complete-v1
complete-q3-v1-electricity-20260725T1600Z,2026-07-25T16:00:00Z,511,kWh,PLANT-B,true,maverick-q3-2026-complete-v1
complete-q3-v1-electricity-20260725T1700Z,2026-07-25T17:00:00Z,511,kWh,PLANT-B,true,maverick-q3-2026-complete-v1
complete-q3-v1-electricity-20260725T1800Z,2026-07-25T18:00:00Z,511,kWh,PLANT-B,true,maverick-q3-2026-complete-v1
complete-q3-v1-electricity-20260725T1900Z,2026-07-25T19:00:00Z,451,kWh,PLANT-B,true,maverick-q3-2026-complete-v1
complete-q3-v1-electricity-20260725T2000Z,2026-07-25T20:00:00Z,451,kWh,PLANT-B,true,maverick-q3-2026-complete-v1
complete-q3-v1-electricity-20260725T2100Z,2026-07-25T21:00:00Z,451,kWh,PLANT-B,true,maverick-q3-2026-complete-v1
complete-q3-v1-electricity-20260725T2200Z,2026-07-25T22:00:00Z,451,kWh,PLANT-B,true,maverick-q3-2026-complete-v1
complete-q3-v1-electricity-20260725T2300Z,2026-07-25T23:00:00Z,451,kWh,PLANT-B,true,maverick-q3-2026-complete-v1
complete-q3-v1-electricity-20260726T0000Z,2026-07-26T00:00:00Z,454,kWh,PLANT-B,true,maverick-q3-2026-complete-v1
complete-q3-v1-electricity-20260726T0100Z,2026-07-26T01:00:00Z,454,kWh,PLANT-B,true,maverick-q3-2026-complete-v1
complete-q3-v1-electricity-20260726T0200Z,2026-07-26T02:00:00Z,454,kWh,PLANT-B,true,maverick-q3-2026-complete-v1
complete-q3-v1-electricity-20260726T0300Z,2026-07-26T03:00:00Z,454,kWh,PLANT-B,true,maverick-q3-2026-complete-v1
complete-q3-v1-electricity-20260726T0400Z,2026-07-26T04:00:00Z,454,kWh,PLANT-B,true,maverick-q3-2026-complete-v1
complete-q3-v1-electricity-20260726T0500Z,2026-07-26T05:00:00Z,454,kWh,PLANT-B,true,maverick-q3-2026-complete-v1
complete-q3-v1-electricity-20260726T0600Z,2026-07-26T06:00:00Z,454,kWh,PLANT-B,true,maverick-q3-2026-complete-v1
complete-q3-v1-electricity-20260726T0700Z,2026-07-26T07:00:00Z,514,kWh,PLANT-B,true,maverick-q3-2026-complete-v1
complete-q3-v1-electricity-20260726T0800Z,2026-07-26T08:00:00Z,514,kWh,PLANT-B,true,maverick-q3-2026-complete-v1
complete-q3-v1-electricity-20260726T0900Z,2026-07-26T09:00:00Z,514,kWh,PLANT-B,true,maverick-q3-2026-complete-v1
complete-q3-v1-electricity-20260726T1000Z,2026-07-26T10:00:00Z,514,kWh,PLANT-B,true,maverick-q3-2026-complete-v1
complete-q3-v1-electricity-20260726T1100Z,2026-07-26T11:00:00Z,514,kWh,PLANT-B,true,maverick-q3-2026-complete-v1
complete-q3-v1-electricity-20260726T1200Z,2026-07-26T12:00:00Z,514,kWh,PLANT-B,true,maverick-q3-2026-complete-v1
complete-q3-v1-electricity-20260726T1300Z,2026-07-26T13:00:00Z,514,kWh,PLANT-B,true,maverick-q3-2026-complete-v1
complete-q3-v1-electricity-20260726T1400Z,2026-07-26T14:00:00Z,514,kWh,PLANT-B,true,maverick-q3-2026-complete-v1
complete-q3-v1-electricity-20260726T1500Z,2026-07-26T15:00:00Z,514,kWh,PLANT-B,true,maverick-q3-2026-complete-v1
complete-q3-v1-electricity-20260726T1600Z,2026-07-26T16:00:00Z,514,kWh,PLANT-B,true,maverick-q3-2026-complete-v1
complete-q3-v1-electricity-20260726T1700Z,2026-07-26T17:00:00Z,514,kWh,PLANT-B,true,maverick-q3-2026-complete-v1
complete-q3-v1-electricity-20260726T1800Z,2026-07-26T18:00:00Z,514,kWh,PLANT-B,true,maverick-q3-2026-complete-v1
complete-q3-v1-electricity-20260726T1900Z,2026-07-26T19:00:00Z,454,kWh,PLANT-B,true,maverick-q3-2026-complete-v1
complete-q3-v1-electricity-20260726T2000Z,2026-07-26T20:00:00Z,454,kWh,PLANT-B,true,maverick-q3-2026-complete-v1
complete-q3-v1-electricity-20260726T2100Z,2026-07-26T21:00:00Z,454,kWh,PLANT-B,true,maverick-q3-2026-complete-v1
complete-q3-v1-electricity-20260726T2200Z,2026-07-26T22:00:00Z,454,kWh,PLANT-B,true,maverick-q3-2026-complete-v1
complete-q3-v1-electricity-20260726T2300Z,2026-07-26T23:00:00Z,454,kWh,PLANT-B,true,maverick-q3-2026-complete-v1
complete-q3-v1-electricity-20260727T0000Z,2026-07-27T00:00:00Z,499,kWh,PLANT-B,true,maverick-q3-2026-complete-v1
complete-q3-v1-electricity-20260727T0100Z,2026-07-27T01:00:00Z,499,kWh,PLANT-B,true,maverick-q3-2026-complete-v1
complete-q3-v1-electricity-20260727T0200Z,2026-07-27T02:00:00Z,499,kWh,PLANT-B,true,maverick-q3-2026-complete-v1
complete-q3-v1-electricity-20260727T0300Z,2026-07-27T03:00:00Z,499,kWh,PLANT-B,true,maverick-q3-2026-complete-v1
complete-q3-v1-electricity-20260727T0400Z,2026-07-27T04:00:00Z,499,kWh,PLANT-B,true,maverick-q3-2026-complete-v1
complete-q3-v1-electricity-20260727T0500Z,2026-07-27T05:00:00Z,499,kWh,PLANT-B,true,maverick-q3-2026-complete-v1
complete-q3-v1-electricity-20260727T0600Z,2026-07-27T06:00:00Z,499,kWh,PLANT-B,true,maverick-q3-2026-complete-v1
complete-q3-v1-electricity-20260727T0700Z,2026-07-27T07:00:00Z,559,kWh,PLANT-B,true,maverick-q3-2026-complete-v1
complete-q3-v1-electricity-20260727T0800Z,2026-07-27T08:00:00Z,559,kWh,PLANT-B,true,maverick-q3-2026-complete-v1
complete-q3-v1-electricity-20260727T0900Z,2026-07-27T09:00:00Z,559,kWh,PLANT-B,true,maverick-q3-2026-complete-v1
complete-q3-v1-electricity-20260727T1000Z,2026-07-27T10:00:00Z,559,kWh,PLANT-B,true,maverick-q3-2026-complete-v1
complete-q3-v1-electricity-20260727T1100Z,2026-07-27T11:00:00Z,559,kWh,PLANT-B,true,maverick-q3-2026-complete-v1
complete-q3-v1-electricity-20260727T1200Z,2026-07-27T12:00:00Z,559,kWh,PLANT-B,true,maverick-q3-2026-complete-v1
complete-q3-v1-electricity-20260727T1300Z,2026-07-27T13:00:00Z,559,kWh,PLANT-B,true,maverick-q3-2026-complete-v1
complete-q3-v1-electricity-20260727T1400Z,2026-07-27T14:00:00Z,559,kWh,PLANT-B,true,maverick-q3-2026-complete-v1
complete-q3-v1-electricity-20260727T1500Z,2026-07-27T15:00:00Z,559,kWh,PLANT-B,true,maverick-q3-2026-complete-v1
complete-q3-v1-electricity-20260727T1600Z,2026-07-27T16:00:00Z,559,kWh,PLANT-B,true,maverick-q3-2026-complete-v1
complete-q3-v1-electricity-20260727T1700Z,2026-07-27T17:00:00Z,559,kWh,PLANT-B,true,maverick-q3-2026-complete-v1
complete-q3-v1-electricity-20260727T1800Z,2026-07-27T18:00:00Z,559,kWh,PLANT-B,true,maverick-q3-2026-complete-v1
complete-q3-v1-electricity-20260727T1900Z,2026-07-27T19:00:00Z,499,kWh,PLANT-B,true,maverick-q3-2026-complete-v1
complete-q3-v1-electricity-20260727T2000Z,2026-07-27T20:00:00Z,499,kWh,PLANT-B,true,maverick-q3-2026-complete-v1
complete-q3-v1-electricity-20260727T2100Z,2026-07-27T21:00:00Z,499,kWh,PLANT-B,true,maverick-q3-2026-complete-v1
complete-q3-v1-electricity-20260727T2200Z,2026-07-27T22:00:00Z,499,kWh,PLANT-B,true,maverick-q3-2026-complete-v1
complete-q3-v1-electricity-20260727T2300Z,2026-07-27T23:00:00Z,499,kWh,PLANT-B,true,maverick-q3-2026-complete-v1
complete-q3-v1-electricity-20260728T0000Z,2026-07-28T00:00:00Z,469,kWh,PLANT-B,true,maverick-q3-2026-complete-v1
complete-q3-v1-electricity-20260728T0100Z,2026-07-28T01:00:00Z,469,kWh,PLANT-B,true,maverick-q3-2026-complete-v1
complete-q3-v1-electricity-20260728T0200Z,2026-07-28T02:00:00Z,469,kWh,PLANT-B,true,maverick-q3-2026-complete-v1
complete-q3-v1-electricity-20260728T0300Z,2026-07-28T03:00:00Z,469,kWh,PLANT-B,true,maverick-q3-2026-complete-v1
complete-q3-v1-electricity-20260728T0400Z,2026-07-28T04:00:00Z,469,kWh,PLANT-B,true,maverick-q3-2026-complete-v1
complete-q3-v1-electricity-20260728T0500Z,2026-07-28T05:00:00Z,469,kWh,PLANT-B,true,maverick-q3-2026-complete-v1
complete-q3-v1-electricity-20260728T0600Z,2026-07-28T06:00:00Z,469,kWh,PLANT-B,true,maverick-q3-2026-complete-v1
complete-q3-v1-electricity-20260728T0700Z,2026-07-28T07:00:00Z,529,kWh,PLANT-B,true,maverick-q3-2026-complete-v1
complete-q3-v1-electricity-20260728T0800Z,2026-07-28T08:00:00Z,529,kWh,PLANT-B,true,maverick-q3-2026-complete-v1
complete-q3-v1-electricity-20260728T0900Z,2026-07-28T09:00:00Z,529,kWh,PLANT-B,true,maverick-q3-2026-complete-v1
complete-q3-v1-electricity-20260728T1000Z,2026-07-28T10:00:00Z,529,kWh,PLANT-B,true,maverick-q3-2026-complete-v1
complete-q3-v1-electricity-20260728T1100Z,2026-07-28T11:00:00Z,529,kWh,PLANT-B,true,maverick-q3-2026-complete-v1
complete-q3-v1-electricity-20260728T1200Z,2026-07-28T12:00:00Z,529,kWh,PLANT-B,true,maverick-q3-2026-complete-v1
complete-q3-v1-electricity-20260728T1300Z,2026-07-28T13:00:00Z,529,kWh,PLANT-B,true,maverick-q3-2026-complete-v1
complete-q3-v1-electricity-20260728T1400Z,2026-07-28T14:00:00Z,529,kWh,PLANT-B,true,maverick-q3-2026-complete-v1
complete-q3-v1-electricity-20260728T1500Z,2026-07-28T15:00:00Z,529,kWh,PLANT-B,true,maverick-q3-2026-complete-v1
complete-q3-v1-electricity-20260728T1600Z,2026-07-28T16:00:00Z,529,kWh,PLANT-B,true,maverick-q3-2026-complete-v1
complete-q3-v1-electricity-20260728T1700Z,2026-07-28T17:00:00Z,529,kWh,PLANT-B,true,maverick-q3-2026-complete-v1
complete-q3-v1-electricity-20260728T1800Z,2026-07-28T18:00:00Z,529,kWh,PLANT-B,true,maverick-q3-2026-complete-v1
complete-q3-v1-electricity-20260728T1900Z,2026-07-28T19:00:00Z,469,kWh,PLANT-B,true,maverick-q3-2026-complete-v1
complete-q3-v1-electricity-20260728T2000Z,2026-07-28T20:00:00Z,469,kWh,PLANT-B,true,maverick-q3-2026-complete-v1
complete-q3-v1-electricity-20260728T2100Z,2026-07-28T21:00:00Z,469,kWh,PLANT-B,true,maverick-q3-2026-complete-v1
complete-q3-v1-electricity-20260728T2200Z,2026-07-28T22:00:00Z,469,kWh,PLANT-B,true,maverick-q3-2026-complete-v1
complete-q3-v1-electricity-20260728T2300Z,2026-07-28T23:00:00Z,469,kWh,PLANT-B,true,maverick-q3-2026-complete-v1
complete-q3-v1-electricity-20260729T0000Z,2026-07-29T00:00:00Z,472,kWh,PLANT-B,true,maverick-q3-2026-complete-v1
complete-q3-v1-electricity-20260729T0100Z,2026-07-29T01:00:00Z,472,kWh,PLANT-B,true,maverick-q3-2026-complete-v1
complete-q3-v1-electricity-20260729T0200Z,2026-07-29T02:00:00Z,472,kWh,PLANT-B,true,maverick-q3-2026-complete-v1
complete-q3-v1-electricity-20260729T0300Z,2026-07-29T03:00:00Z,472,kWh,PLANT-B,true,maverick-q3-2026-complete-v1
complete-q3-v1-electricity-20260729T0400Z,2026-07-29T04:00:00Z,472,kWh,PLANT-B,true,maverick-q3-2026-complete-v1
complete-q3-v1-electricity-20260729T0500Z,2026-07-29T05:00:00Z,472,kWh,PLANT-B,true,maverick-q3-2026-complete-v1
complete-q3-v1-electricity-20260729T0600Z,2026-07-29T06:00:00Z,472,kWh,PLANT-B,true,maverick-q3-2026-complete-v1
complete-q3-v1-electricity-20260729T0700Z,2026-07-29T07:00:00Z,532,kWh,PLANT-B,true,maverick-q3-2026-complete-v1
complete-q3-v1-electricity-20260729T0800Z,2026-07-29T08:00:00Z,532,kWh,PLANT-B,true,maverick-q3-2026-complete-v1
complete-q3-v1-electricity-20260729T0900Z,2026-07-29T09:00:00Z,532,kWh,PLANT-B,true,maverick-q3-2026-complete-v1
complete-q3-v1-electricity-20260729T1000Z,2026-07-29T10:00:00Z,532,kWh,PLANT-B,true,maverick-q3-2026-complete-v1
complete-q3-v1-electricity-20260729T1100Z,2026-07-29T11:00:00Z,532,kWh,PLANT-B,true,maverick-q3-2026-complete-v1
complete-q3-v1-electricity-20260729T1200Z,2026-07-29T12:00:00Z,532,kWh,PLANT-B,true,maverick-q3-2026-complete-v1
complete-q3-v1-electricity-20260729T1300Z,2026-07-29T13:00:00Z,532,kWh,PLANT-B,true,maverick-q3-2026-complete-v1
complete-q3-v1-electricity-20260729T1400Z,2026-07-29T14:00:00Z,532,kWh,PLANT-B,true,maverick-q3-2026-complete-v1
complete-q3-v1-electricity-20260729T1500Z,2026-07-29T15:00:00Z,532,kWh,PLANT-B,true,maverick-q3-2026-complete-v1
complete-q3-v1-electricity-20260729T1600Z,2026-07-29T16:00:00Z,532,kWh,PLANT-B,true,maverick-q3-2026-complete-v1
complete-q3-v1-electricity-20260729T1700Z,2026-07-29T17:00:00Z,532,kWh,PLANT-B,true,maverick-q3-2026-complete-v1
complete-q3-v1-electricity-20260729T1800Z,2026-07-29T18:00:00Z,532,kWh,PLANT-B,true,maverick-q3-2026-complete-v1
complete-q3-v1-electricity-20260729T1900Z,2026-07-29T19:00:00Z,472,kWh,PLANT-B,true,maverick-q3-2026-complete-v1
complete-q3-v1-electricity-20260729T2000Z,2026-07-29T20:00:00Z,472,kWh,PLANT-B,true,maverick-q3-2026-complete-v1
complete-q3-v1-electricity-20260729T2100Z,2026-07-29T21:00:00Z,472,kWh,PLANT-B,true,maverick-q3-2026-complete-v1
complete-q3-v1-electricity-20260729T2200Z,2026-07-29T22:00:00Z,472,kWh,PLANT-B,true,maverick-q3-2026-complete-v1
complete-q3-v1-electricity-20260729T2300Z,2026-07-29T23:00:00Z,472,kWh,PLANT-B,true,maverick-q3-2026-complete-v1
complete-q3-v1-electricity-20260730T0000Z,2026-07-30T00:00:00Z,475,kWh,PLANT-B,true,maverick-q3-2026-complete-v1
complete-q3-v1-electricity-20260730T0100Z,2026-07-30T01:00:00Z,475,kWh,PLANT-B,true,maverick-q3-2026-complete-v1
complete-q3-v1-electricity-20260730T0200Z,2026-07-30T02:00:00Z,475,kWh,PLANT-B,true,maverick-q3-2026-complete-v1
complete-q3-v1-electricity-20260730T0300Z,2026-07-30T03:00:00Z,475,kWh,PLANT-B,true,maverick-q3-2026-complete-v1
complete-q3-v1-electricity-20260730T0400Z,2026-07-30T04:00:00Z,475,kWh,PLANT-B,true,maverick-q3-2026-complete-v1
complete-q3-v1-electricity-20260730T0500Z,2026-07-30T05:00:00Z,475,kWh,PLANT-B,true,maverick-q3-2026-complete-v1
complete-q3-v1-electricity-20260730T0600Z,2026-07-30T06:00:00Z,475,kWh,PLANT-B,true,maverick-q3-2026-complete-v1
complete-q3-v1-electricity-20260730T0700Z,2026-07-30T07:00:00Z,535,kWh,PLANT-B,true,maverick-q3-2026-complete-v1
complete-q3-v1-electricity-20260730T0800Z,2026-07-30T08:00:00Z,535,kWh,PLANT-B,true,maverick-q3-2026-complete-v1
complete-q3-v1-electricity-20260730T0900Z,2026-07-30T09:00:00Z,535,kWh,PLANT-B,true,maverick-q3-2026-complete-v1
complete-q3-v1-electricity-20260730T1000Z,2026-07-30T10:00:00Z,535,kWh,PLANT-B,true,maverick-q3-2026-complete-v1
complete-q3-v1-electricity-20260730T1100Z,2026-07-30T11:00:00Z,535,kWh,PLANT-B,true,maverick-q3-2026-complete-v1
complete-q3-v1-electricity-20260730T1200Z,2026-07-30T12:00:00Z,535,kWh,PLANT-B,true,maverick-q3-2026-complete-v1
complete-q3-v1-electricity-20260730T1300Z,2026-07-30T13:00:00Z,535,kWh,PLANT-B,true,maverick-q3-2026-complete-v1
complete-q3-v1-electricity-20260730T1400Z,2026-07-30T14:00:00Z,535,kWh,PLANT-B,true,maverick-q3-2026-complete-v1
complete-q3-v1-electricity-20260730T1500Z,2026-07-30T15:00:00Z,535,kWh,PLANT-B,true,maverick-q3-2026-complete-v1
complete-q3-v1-electricity-20260730T1600Z,2026-07-30T16:00:00Z,535,kWh,PLANT-B,true,maverick-q3-2026-complete-v1
complete-q3-v1-electricity-20260730T1700Z,2026-07-30T17:00:00Z,535,kWh,PLANT-B,true,maverick-q3-2026-complete-v1
complete-q3-v1-electricity-20260730T1800Z,2026-07-30T18:00:00Z,535,kWh,PLANT-B,true,maverick-q3-2026-complete-v1
complete-q3-v1-electricity-20260730T1900Z,2026-07-30T19:00:00Z,475,kWh,PLANT-B,true,maverick-q3-2026-complete-v1
complete-q3-v1-electricity-20260730T2000Z,2026-07-30T20:00:00Z,475,kWh,PLANT-B,true,maverick-q3-2026-complete-v1
complete-q3-v1-electricity-20260730T2100Z,2026-07-30T21:00:00Z,475,kWh,PLANT-B,true,maverick-q3-2026-complete-v1
complete-q3-v1-electricity-20260730T2200Z,2026-07-30T22:00:00Z,475,kWh,PLANT-B,true,maverick-q3-2026-complete-v1
complete-q3-v1-electricity-20260730T2300Z,2026-07-30T23:00:00Z,475,kWh,PLANT-B,true,maverick-q3-2026-complete-v1
complete-q3-v1-electricity-20260731T0000Z,2026-07-31T00:00:00Z,478,kWh,PLANT-B,true,maverick-q3-2026-complete-v1
complete-q3-v1-electricity-20260731T0100Z,2026-07-31T01:00:00Z,478,kWh,PLANT-B,true,maverick-q3-2026-complete-v1
complete-q3-v1-electricity-20260731T0200Z,2026-07-31T02:00:00Z,478,kWh,PLANT-B,true,maverick-q3-2026-complete-v1
complete-q3-v1-electricity-20260731T0300Z,2026-07-31T03:00:00Z,478,kWh,PLANT-B,true,maverick-q3-2026-complete-v1
complete-q3-v1-electricity-20260731T0400Z,2026-07-31T04:00:00Z,478,kWh,PLANT-B,true,maverick-q3-2026-complete-v1
complete-q3-v1-electricity-20260731T0500Z,2026-07-31T05:00:00Z,478,kWh,PLANT-B,true,maverick-q3-2026-complete-v1
complete-q3-v1-electricity-20260731T0600Z,2026-07-31T06:00:00Z,478,kWh,PLANT-B,true,maverick-q3-2026-complete-v1
complete-q3-v1-electricity-20260731T0700Z,2026-07-31T07:00:00Z,538,kWh,PLANT-B,true,maverick-q3-2026-complete-v1
complete-q3-v1-electricity-20260731T0800Z,2026-07-31T08:00:00Z,538,kWh,PLANT-B,true,maverick-q3-2026-complete-v1
complete-q3-v1-electricity-20260731T0900Z,2026-07-31T09:00:00Z,538,kWh,PLANT-B,true,maverick-q3-2026-complete-v1
complete-q3-v1-electricity-20260731T1000Z,2026-07-31T10:00:00Z,538,kWh,PLANT-B,true,maverick-q3-2026-complete-v1
complete-q3-v1-electricity-20260731T1100Z,2026-07-31T11:00:00Z,538,kWh,PLANT-B,true,maverick-q3-2026-complete-v1
complete-q3-v1-electricity-20260731T1200Z,2026-07-31T12:00:00Z,538,kWh,PLANT-B,true,maverick-q3-2026-complete-v1
complete-q3-v1-electricity-20260731T1300Z,2026-07-31T13:00:00Z,538,kWh,PLANT-B,true,maverick-q3-2026-complete-v1
complete-q3-v1-electricity-20260731T1400Z,2026-07-31T14:00:00Z,538,kWh,PLANT-B,true,maverick-q3-2026-complete-v1
complete-q3-v1-electricity-20260731T1500Z,2026-07-31T15:00:00Z,538,kWh,PLANT-B,true,maverick-q3-2026-complete-v1
complete-q3-v1-electricity-20260731T1600Z,2026-07-31T16:00:00Z,538,kWh,PLANT-B,true,maverick-q3-2026-complete-v1
complete-q3-v1-electricity-20260731T1700Z,2026-07-31T17:00:00Z,538,kWh,PLANT-B,true,maverick-q3-2026-complete-v1
complete-q3-v1-electricity-20260731T1800Z,2026-07-31T18:00:00Z,538,kWh,PLANT-B,true,maverick-q3-2026-complete-v1
complete-q3-v1-electricity-20260731T1900Z,2026-07-31T19:00:00Z,478,kWh,PLANT-B,true,maverick-q3-2026-complete-v1
complete-q3-v1-electricity-20260731T2000Z,2026-07-31T20:00:00Z,478,kWh,PLANT-B,true,maverick-q3-2026-complete-v1
complete-q3-v1-electricity-20260731T2100Z,2026-07-31T21:00:00Z,478,kWh,PLANT-B,true,maverick-q3-2026-complete-v1
complete-q3-v1-electricity-20260731T2200Z,2026-07-31T22:00:00Z,478,kWh,PLANT-B,true,maverick-q3-2026-complete-v1
complete-q3-v1-electricity-20260731T2300Z,2026-07-31T23:00:00Z,478,kWh,PLANT-B,true,maverick-q3-2026-complete-v1
complete-q3-v1-electricity-20260801T0000Z,2026-08-01T00:00:00Z,439,kWh,PLANT-B,true,maverick-q3-2026-complete-v1
complete-q3-v1-electricity-20260801T0100Z,2026-08-01T01:00:00Z,439,kWh,PLANT-B,true,maverick-q3-2026-complete-v1
complete-q3-v1-electricity-20260801T0200Z,2026-08-01T02:00:00Z,439,kWh,PLANT-B,true,maverick-q3-2026-complete-v1
complete-q3-v1-electricity-20260801T0300Z,2026-08-01T03:00:00Z,439,kWh,PLANT-B,true,maverick-q3-2026-complete-v1
complete-q3-v1-electricity-20260801T0400Z,2026-08-01T04:00:00Z,439,kWh,PLANT-B,true,maverick-q3-2026-complete-v1
complete-q3-v1-electricity-20260801T0500Z,2026-08-01T05:00:00Z,439,kWh,PLANT-B,true,maverick-q3-2026-complete-v1
complete-q3-v1-electricity-20260801T0600Z,2026-08-01T06:00:00Z,439,kWh,PLANT-B,true,maverick-q3-2026-complete-v1
complete-q3-v1-electricity-20260801T0700Z,2026-08-01T07:00:00Z,499,kWh,PLANT-B,true,maverick-q3-2026-complete-v1
complete-q3-v1-electricity-20260801T0800Z,2026-08-01T08:00:00Z,499,kWh,PLANT-B,true,maverick-q3-2026-complete-v1
complete-q3-v1-electricity-20260801T0900Z,2026-08-01T09:00:00Z,499,kWh,PLANT-B,true,maverick-q3-2026-complete-v1
complete-q3-v1-electricity-20260801T1000Z,2026-08-01T10:00:00Z,499,kWh,PLANT-B,true,maverick-q3-2026-complete-v1
complete-q3-v1-electricity-20260801T1100Z,2026-08-01T11:00:00Z,499,kWh,PLANT-B,true,maverick-q3-2026-complete-v1
complete-q3-v1-electricity-20260801T1200Z,2026-08-01T12:00:00Z,499,kWh,PLANT-B,true,maverick-q3-2026-complete-v1
complete-q3-v1-electricity-20260801T1300Z,2026-08-01T13:00:00Z,499,kWh,PLANT-B,true,maverick-q3-2026-complete-v1
complete-q3-v1-electricity-20260801T1400Z,2026-08-01T14:00:00Z,499,kWh,PLANT-B,true,maverick-q3-2026-complete-v1
complete-q3-v1-electricity-20260801T1500Z,2026-08-01T15:00:00Z,499,kWh,PLANT-B,true,maverick-q3-2026-complete-v1
complete-q3-v1-electricity-20260801T1600Z,2026-08-01T16:00:00Z,499,kWh,PLANT-B,true,maverick-q3-2026-complete-v1
complete-q3-v1-electricity-20260801T1700Z,2026-08-01T17:00:00Z,499,kWh,PLANT-B,true,maverick-q3-2026-complete-v1
complete-q3-v1-electricity-20260801T1800Z,2026-08-01T18:00:00Z,499,kWh,PLANT-B,true,maverick-q3-2026-complete-v1
complete-q3-v1-electricity-20260801T1900Z,2026-08-01T19:00:00Z,439,kWh,PLANT-B,true,maverick-q3-2026-complete-v1
complete-q3-v1-electricity-20260801T2000Z,2026-08-01T20:00:00Z,439,kWh,PLANT-B,true,maverick-q3-2026-complete-v1
complete-q3-v1-electricity-20260801T2100Z,2026-08-01T21:00:00Z,439,kWh,PLANT-B,true,maverick-q3-2026-complete-v1
complete-q3-v1-electricity-20260801T2200Z,2026-08-01T22:00:00Z,439,kWh,PLANT-B,true,maverick-q3-2026-complete-v1
complete-q3-v1-electricity-20260801T2300Z,2026-08-01T23:00:00Z,439,kWh,PLANT-B,true,maverick-q3-2026-complete-v1
complete-q3-v1-electricity-20260802T0000Z,2026-08-02T00:00:00Z,442,kWh,PLANT-B,true,maverick-q3-2026-complete-v1
complete-q3-v1-electricity-20260802T0100Z,2026-08-02T01:00:00Z,442,kWh,PLANT-B,true,maverick-q3-2026-complete-v1
complete-q3-v1-electricity-20260802T0200Z,2026-08-02T02:00:00Z,442,kWh,PLANT-B,true,maverick-q3-2026-complete-v1
complete-q3-v1-electricity-20260802T0300Z,2026-08-02T03:00:00Z,442,kWh,PLANT-B,true,maverick-q3-2026-complete-v1
complete-q3-v1-electricity-20260802T0400Z,2026-08-02T04:00:00Z,442,kWh,PLANT-B,true,maverick-q3-2026-complete-v1
complete-q3-v1-electricity-20260802T0500Z,2026-08-02T05:00:00Z,442,kWh,PLANT-B,true,maverick-q3-2026-complete-v1
complete-q3-v1-electricity-20260802T0600Z,2026-08-02T06:00:00Z,442,kWh,PLANT-B,true,maverick-q3-2026-complete-v1
complete-q3-v1-electricity-20260802T0700Z,2026-08-02T07:00:00Z,502,kWh,PLANT-B,true,maverick-q3-2026-complete-v1
complete-q3-v1-electricity-20260802T0800Z,2026-08-02T08:00:00Z,502,kWh,PLANT-B,true,maverick-q3-2026-complete-v1
complete-q3-v1-electricity-20260802T0900Z,2026-08-02T09:00:00Z,502,kWh,PLANT-B,true,maverick-q3-2026-complete-v1
complete-q3-v1-electricity-20260802T1000Z,2026-08-02T10:00:00Z,502,kWh,PLANT-B,true,maverick-q3-2026-complete-v1
complete-q3-v1-electricity-20260802T1100Z,2026-08-02T11:00:00Z,502,kWh,PLANT-B,true,maverick-q3-2026-complete-v1
complete-q3-v1-electricity-20260802T1200Z,2026-08-02T12:00:00Z,502,kWh,PLANT-B,true,maverick-q3-2026-complete-v1
complete-q3-v1-electricity-20260802T1300Z,2026-08-02T13:00:00Z,502,kWh,PLANT-B,true,maverick-q3-2026-complete-v1
complete-q3-v1-electricity-20260802T1400Z,2026-08-02T14:00:00Z,502,kWh,PLANT-B,true,maverick-q3-2026-complete-v1
complete-q3-v1-electricity-20260802T1500Z,2026-08-02T15:00:00Z,502,kWh,PLANT-B,true,maverick-q3-2026-complete-v1
complete-q3-v1-electricity-20260802T1600Z,2026-08-02T16:00:00Z,502,kWh,PLANT-B,true,maverick-q3-2026-complete-v1
complete-q3-v1-electricity-20260802T1700Z,2026-08-02T17:00:00Z,502,kWh,PLANT-B,true,maverick-q3-2026-complete-v1
complete-q3-v1-electricity-20260802T1800Z,2026-08-02T18:00:00Z,502,kWh,PLANT-B,true,maverick-q3-2026-complete-v1
complete-q3-v1-electricity-20260802T1900Z,2026-08-02T19:00:00Z,442,kWh,PLANT-B,true,maverick-q3-2026-complete-v1
complete-q3-v1-electricity-20260802T2000Z,2026-08-02T20:00:00Z,442,kWh,PLANT-B,true,maverick-q3-2026-complete-v1
complete-q3-v1-electricity-20260802T2100Z,2026-08-02T21:00:00Z,442,kWh,PLANT-B,true,maverick-q3-2026-complete-v1
complete-q3-v1-electricity-20260802T2200Z,2026-08-02T22:00:00Z,442,kWh,PLANT-B,true,maverick-q3-2026-complete-v1
complete-q3-v1-electricity-20260802T2300Z,2026-08-02T23:00:00Z,442,kWh,PLANT-B,true,maverick-q3-2026-complete-v1
complete-q3-v1-electricity-20260803T0000Z,2026-08-03T00:00:00Z,487,kWh,PLANT-B,true,maverick-q3-2026-complete-v1
complete-q3-v1-electricity-20260803T0100Z,2026-08-03T01:00:00Z,487,kWh,PLANT-B,true,maverick-q3-2026-complete-v1
complete-q3-v1-electricity-20260803T0200Z,2026-08-03T02:00:00Z,487,kWh,PLANT-B,true,maverick-q3-2026-complete-v1
complete-q3-v1-electricity-20260803T0300Z,2026-08-03T03:00:00Z,487,kWh,PLANT-B,true,maverick-q3-2026-complete-v1
complete-q3-v1-electricity-20260803T0400Z,2026-08-03T04:00:00Z,487,kWh,PLANT-B,true,maverick-q3-2026-complete-v1
complete-q3-v1-electricity-20260803T0500Z,2026-08-03T05:00:00Z,487,kWh,PLANT-B,true,maverick-q3-2026-complete-v1
complete-q3-v1-electricity-20260803T0600Z,2026-08-03T06:00:00Z,487,kWh,PLANT-B,true,maverick-q3-2026-complete-v1
complete-q3-v1-electricity-20260803T0700Z,2026-08-03T07:00:00Z,547,kWh,PLANT-B,true,maverick-q3-2026-complete-v1
complete-q3-v1-electricity-20260803T0800Z,2026-08-03T08:00:00Z,547,kWh,PLANT-B,true,maverick-q3-2026-complete-v1
complete-q3-v1-electricity-20260803T0900Z,2026-08-03T09:00:00Z,547,kWh,PLANT-B,true,maverick-q3-2026-complete-v1
complete-q3-v1-electricity-20260803T1000Z,2026-08-03T10:00:00Z,547,kWh,PLANT-B,true,maverick-q3-2026-complete-v1
complete-q3-v1-electricity-20260803T1100Z,2026-08-03T11:00:00Z,547,kWh,PLANT-B,true,maverick-q3-2026-complete-v1
complete-q3-v1-electricity-20260803T1200Z,2026-08-03T12:00:00Z,547,kWh,PLANT-B,true,maverick-q3-2026-complete-v1
complete-q3-v1-electricity-20260803T1300Z,2026-08-03T13:00:00Z,547,kWh,PLANT-B,true,maverick-q3-2026-complete-v1
complete-q3-v1-electricity-20260803T1400Z,2026-08-03T14:00:00Z,547,kWh,PLANT-B,true,maverick-q3-2026-complete-v1
complete-q3-v1-electricity-20260803T1500Z,2026-08-03T15:00:00Z,547,kWh,PLANT-B,true,maverick-q3-2026-complete-v1
complete-q3-v1-electricity-20260803T1600Z,2026-08-03T16:00:00Z,547,kWh,PLANT-B,true,maverick-q3-2026-complete-v1
complete-q3-v1-electricity-20260803T1700Z,2026-08-03T17:00:00Z,547,kWh,PLANT-B,true,maverick-q3-2026-complete-v1
complete-q3-v1-electricity-20260803T1800Z,2026-08-03T18:00:00Z,547,kWh,PLANT-B,true,maverick-q3-2026-complete-v1
complete-q3-v1-electricity-20260803T1900Z,2026-08-03T19:00:00Z,487,kWh,PLANT-B,true,maverick-q3-2026-complete-v1
complete-q3-v1-electricity-20260803T2000Z,2026-08-03T20:00:00Z,487,kWh,PLANT-B,true,maverick-q3-2026-complete-v1
complete-q3-v1-electricity-20260803T2100Z,2026-08-03T21:00:00Z,487,kWh,PLANT-B,true,maverick-q3-2026-complete-v1
complete-q3-v1-electricity-20260803T2200Z,2026-08-03T22:00:00Z,487,kWh,PLANT-B,true,maverick-q3-2026-complete-v1
complete-q3-v1-electricity-20260803T2300Z,2026-08-03T23:00:00Z,487,kWh,PLANT-B,true,maverick-q3-2026-complete-v1
complete-q3-v1-electricity-20260804T0000Z,2026-08-04T00:00:00Z,490,kWh,PLANT-B,true,maverick-q3-2026-complete-v1
complete-q3-v1-electricity-20260804T0100Z,2026-08-04T01:00:00Z,490,kWh,PLANT-B,true,maverick-q3-2026-complete-v1
complete-q3-v1-electricity-20260804T0200Z,2026-08-04T02:00:00Z,490,kWh,PLANT-B,true,maverick-q3-2026-complete-v1
complete-q3-v1-electricity-20260804T0300Z,2026-08-04T03:00:00Z,490,kWh,PLANT-B,true,maverick-q3-2026-complete-v1
complete-q3-v1-electricity-20260804T0400Z,2026-08-04T04:00:00Z,490,kWh,PLANT-B,true,maverick-q3-2026-complete-v1
complete-q3-v1-electricity-20260804T0500Z,2026-08-04T05:00:00Z,490,kWh,PLANT-B,true,maverick-q3-2026-complete-v1
complete-q3-v1-electricity-20260804T0600Z,2026-08-04T06:00:00Z,490,kWh,PLANT-B,true,maverick-q3-2026-complete-v1
complete-q3-v1-electricity-20260804T0700Z,2026-08-04T07:00:00Z,550,kWh,PLANT-B,true,maverick-q3-2026-complete-v1
complete-q3-v1-electricity-20260804T0800Z,2026-08-04T08:00:00Z,550,kWh,PLANT-B,true,maverick-q3-2026-complete-v1
complete-q3-v1-electricity-20260804T0900Z,2026-08-04T09:00:00Z,550,kWh,PLANT-B,true,maverick-q3-2026-complete-v1
complete-q3-v1-electricity-20260804T1000Z,2026-08-04T10:00:00Z,550,kWh,PLANT-B,true,maverick-q3-2026-complete-v1
complete-q3-v1-electricity-20260804T1100Z,2026-08-04T11:00:00Z,550,kWh,PLANT-B,true,maverick-q3-2026-complete-v1
complete-q3-v1-electricity-20260804T1200Z,2026-08-04T12:00:00Z,550,kWh,PLANT-B,true,maverick-q3-2026-complete-v1
complete-q3-v1-electricity-20260804T1300Z,2026-08-04T13:00:00Z,550,kWh,PLANT-B,true,maverick-q3-2026-complete-v1
complete-q3-v1-electricity-20260804T1400Z,2026-08-04T14:00:00Z,550,kWh,PLANT-B,true,maverick-q3-2026-complete-v1
complete-q3-v1-electricity-20260804T1500Z,2026-08-04T15:00:00Z,550,kWh,PLANT-B,true,maverick-q3-2026-complete-v1
complete-q3-v1-electricity-20260804T1600Z,2026-08-04T16:00:00Z,550,kWh,PLANT-B,true,maverick-q3-2026-complete-v1
complete-q3-v1-electricity-20260804T1700Z,2026-08-04T17:00:00Z,550,kWh,PLANT-B,true,maverick-q3-2026-complete-v1
complete-q3-v1-electricity-20260804T1800Z,2026-08-04T18:00:00Z,550,kWh,PLANT-B,true,maverick-q3-2026-complete-v1
complete-q3-v1-electricity-20260804T1900Z,2026-08-04T19:00:00Z,490,kWh,PLANT-B,true,maverick-q3-2026-complete-v1
complete-q3-v1-electricity-20260804T2000Z,2026-08-04T20:00:00Z,490,kWh,PLANT-B,true,maverick-q3-2026-complete-v1
complete-q3-v1-electricity-20260804T2100Z,2026-08-04T21:00:00Z,490,kWh,PLANT-B,true,maverick-q3-2026-complete-v1
complete-q3-v1-electricity-20260804T2200Z,2026-08-04T22:00:00Z,490,kWh,PLANT-B,true,maverick-q3-2026-complete-v1
complete-q3-v1-electricity-20260804T2300Z,2026-08-04T23:00:00Z,490,kWh,PLANT-B,true,maverick-q3-2026-complete-v1
complete-q3-v1-electricity-20260805T0000Z,2026-08-05T00:00:00Z,493,kWh,PLANT-B,true,maverick-q3-2026-complete-v1
complete-q3-v1-electricity-20260805T0100Z,2026-08-05T01:00:00Z,493,kWh,PLANT-B,true,maverick-q3-2026-complete-v1
complete-q3-v1-electricity-20260805T0200Z,2026-08-05T02:00:00Z,493,kWh,PLANT-B,true,maverick-q3-2026-complete-v1
complete-q3-v1-electricity-20260805T0300Z,2026-08-05T03:00:00Z,493,kWh,PLANT-B,true,maverick-q3-2026-complete-v1
complete-q3-v1-electricity-20260805T0400Z,2026-08-05T04:00:00Z,493,kWh,PLANT-B,true,maverick-q3-2026-complete-v1
complete-q3-v1-electricity-20260805T0500Z,2026-08-05T05:00:00Z,493,kWh,PLANT-B,true,maverick-q3-2026-complete-v1
complete-q3-v1-electricity-20260805T0600Z,2026-08-05T06:00:00Z,493,kWh,PLANT-B,true,maverick-q3-2026-complete-v1
complete-q3-v1-electricity-20260805T0700Z,2026-08-05T07:00:00Z,553,kWh,PLANT-B,true,maverick-q3-2026-complete-v1
complete-q3-v1-electricity-20260805T0800Z,2026-08-05T08:00:00Z,553,kWh,PLANT-B,true,maverick-q3-2026-complete-v1
complete-q3-v1-electricity-20260805T0900Z,2026-08-05T09:00:00Z,553,kWh,PLANT-B,true,maverick-q3-2026-complete-v1
complete-q3-v1-electricity-20260805T1000Z,2026-08-05T10:00:00Z,553,kWh,PLANT-B,true,maverick-q3-2026-complete-v1
complete-q3-v1-electricity-20260805T1100Z,2026-08-05T11:00:00Z,553,kWh,PLANT-B,true,maverick-q3-2026-complete-v1
complete-q3-v1-electricity-20260805T1200Z,2026-08-05T12:00:00Z,553,kWh,PLANT-B,true,maverick-q3-2026-complete-v1
complete-q3-v1-electricity-20260805T1300Z,2026-08-05T13:00:00Z,553,kWh,PLANT-B,true,maverick-q3-2026-complete-v1
complete-q3-v1-electricity-20260805T1400Z,2026-08-05T14:00:00Z,553,kWh,PLANT-B,true,maverick-q3-2026-complete-v1
complete-q3-v1-electricity-20260805T1500Z,2026-08-05T15:00:00Z,553,kWh,PLANT-B,true,maverick-q3-2026-complete-v1
complete-q3-v1-electricity-20260805T1600Z,2026-08-05T16:00:00Z,553,kWh,PLANT-B,true,maverick-q3-2026-complete-v1
complete-q3-v1-electricity-20260805T1700Z,2026-08-05T17:00:00Z,553,kWh,PLANT-B,true,maverick-q3-2026-complete-v1
complete-q3-v1-electricity-20260805T1800Z,2026-08-05T18:00:00Z,553,kWh,PLANT-B,true,maverick-q3-2026-complete-v1
complete-q3-v1-electricity-20260805T1900Z,2026-08-05T19:00:00Z,493,kWh,PLANT-B,true,maverick-q3-2026-complete-v1
complete-q3-v1-electricity-20260805T2000Z,2026-08-05T20:00:00Z,493,kWh,PLANT-B,true,maverick-q3-2026-complete-v1
complete-q3-v1-electricity-20260805T2100Z,2026-08-05T21:00:00Z,493,kWh,PLANT-B,true,maverick-q3-2026-complete-v1
complete-q3-v1-electricity-20260805T2200Z,2026-08-05T22:00:00Z,493,kWh,PLANT-B,true,maverick-q3-2026-complete-v1
complete-q3-v1-electricity-20260805T2300Z,2026-08-05T23:00:00Z,493,kWh,PLANT-B,true,maverick-q3-2026-complete-v1
complete-q3-v1-electricity-20260806T0000Z,2026-08-06T00:00:00Z,496,kWh,PLANT-B,true,maverick-q3-2026-complete-v1
complete-q3-v1-electricity-20260806T0100Z,2026-08-06T01:00:00Z,496,kWh,PLANT-B,true,maverick-q3-2026-complete-v1
complete-q3-v1-electricity-20260806T0200Z,2026-08-06T02:00:00Z,496,kWh,PLANT-B,true,maverick-q3-2026-complete-v1
complete-q3-v1-electricity-20260806T0300Z,2026-08-06T03:00:00Z,496,kWh,PLANT-B,true,maverick-q3-2026-complete-v1
complete-q3-v1-electricity-20260806T0400Z,2026-08-06T04:00:00Z,496,kWh,PLANT-B,true,maverick-q3-2026-complete-v1
complete-q3-v1-electricity-20260806T0500Z,2026-08-06T05:00:00Z,496,kWh,PLANT-B,true,maverick-q3-2026-complete-v1
complete-q3-v1-electricity-20260806T0600Z,2026-08-06T06:00:00Z,496,kWh,PLANT-B,true,maverick-q3-2026-complete-v1
complete-q3-v1-electricity-20260806T0700Z,2026-08-06T07:00:00Z,556,kWh,PLANT-B,true,maverick-q3-2026-complete-v1
complete-q3-v1-electricity-20260806T0800Z,2026-08-06T08:00:00Z,556,kWh,PLANT-B,true,maverick-q3-2026-complete-v1
complete-q3-v1-electricity-20260806T0900Z,2026-08-06T09:00:00Z,556,kWh,PLANT-B,true,maverick-q3-2026-complete-v1
complete-q3-v1-electricity-20260806T1000Z,2026-08-06T10:00:00Z,556,kWh,PLANT-B,true,maverick-q3-2026-complete-v1
complete-q3-v1-electricity-20260806T1100Z,2026-08-06T11:00:00Z,556,kWh,PLANT-B,true,maverick-q3-2026-complete-v1
complete-q3-v1-electricity-20260806T1200Z,2026-08-06T12:00:00Z,556,kWh,PLANT-B,true,maverick-q3-2026-complete-v1
complete-q3-v1-electricity-20260806T1300Z,2026-08-06T13:00:00Z,556,kWh,PLANT-B,true,maverick-q3-2026-complete-v1
complete-q3-v1-electricity-20260806T1400Z,2026-08-06T14:00:00Z,556,kWh,PLANT-B,true,maverick-q3-2026-complete-v1
complete-q3-v1-electricity-20260806T1500Z,2026-08-06T15:00:00Z,556,kWh,PLANT-B,true,maverick-q3-2026-complete-v1
complete-q3-v1-electricity-20260806T1600Z,2026-08-06T16:00:00Z,556,kWh,PLANT-B,true,maverick-q3-2026-complete-v1
complete-q3-v1-electricity-20260806T1700Z,2026-08-06T17:00:00Z,556,kWh,PLANT-B,true,maverick-q3-2026-complete-v1
complete-q3-v1-electricity-20260806T1800Z,2026-08-06T18:00:00Z,556,kWh,PLANT-B,true,maverick-q3-2026-complete-v1
complete-q3-v1-electricity-20260806T1900Z,2026-08-06T19:00:00Z,496,kWh,PLANT-B,true,maverick-q3-2026-complete-v1
complete-q3-v1-electricity-20260806T2000Z,2026-08-06T20:00:00Z,496,kWh,PLANT-B,true,maverick-q3-2026-complete-v1
complete-q3-v1-electricity-20260806T2100Z,2026-08-06T21:00:00Z,496,kWh,PLANT-B,true,maverick-q3-2026-complete-v1
complete-q3-v1-electricity-20260806T2200Z,2026-08-06T22:00:00Z,496,kWh,PLANT-B,true,maverick-q3-2026-complete-v1
complete-q3-v1-electricity-20260806T2300Z,2026-08-06T23:00:00Z,496,kWh,PLANT-B,true,maverick-q3-2026-complete-v1
complete-q3-v1-electricity-20260807T0000Z,2026-08-07T00:00:00Z,499,kWh,PLANT-B,true,maverick-q3-2026-complete-v1
complete-q3-v1-electricity-20260807T0100Z,2026-08-07T01:00:00Z,499,kWh,PLANT-B,true,maverick-q3-2026-complete-v1
complete-q3-v1-electricity-20260807T0200Z,2026-08-07T02:00:00Z,499,kWh,PLANT-B,true,maverick-q3-2026-complete-v1
complete-q3-v1-electricity-20260807T0300Z,2026-08-07T03:00:00Z,499,kWh,PLANT-B,true,maverick-q3-2026-complete-v1
complete-q3-v1-electricity-20260807T0400Z,2026-08-07T04:00:00Z,499,kWh,PLANT-B,true,maverick-q3-2026-complete-v1
complete-q3-v1-electricity-20260807T0500Z,2026-08-07T05:00:00Z,499,kWh,PLANT-B,true,maverick-q3-2026-complete-v1
complete-q3-v1-electricity-20260807T0600Z,2026-08-07T06:00:00Z,499,kWh,PLANT-B,true,maverick-q3-2026-complete-v1
complete-q3-v1-electricity-20260807T0700Z,2026-08-07T07:00:00Z,559,kWh,PLANT-B,true,maverick-q3-2026-complete-v1
complete-q3-v1-electricity-20260807T0800Z,2026-08-07T08:00:00Z,559,kWh,PLANT-B,true,maverick-q3-2026-complete-v1
complete-q3-v1-electricity-20260807T0900Z,2026-08-07T09:00:00Z,559,kWh,PLANT-B,true,maverick-q3-2026-complete-v1
complete-q3-v1-electricity-20260807T1000Z,2026-08-07T10:00:00Z,559,kWh,PLANT-B,true,maverick-q3-2026-complete-v1
complete-q3-v1-electricity-20260807T1100Z,2026-08-07T11:00:00Z,559,kWh,PLANT-B,true,maverick-q3-2026-complete-v1
complete-q3-v1-electricity-20260807T1200Z,2026-08-07T12:00:00Z,559,kWh,PLANT-B,true,maverick-q3-2026-complete-v1
complete-q3-v1-electricity-20260807T1300Z,2026-08-07T13:00:00Z,559,kWh,PLANT-B,true,maverick-q3-2026-complete-v1
complete-q3-v1-electricity-20260807T1400Z,2026-08-07T14:00:00Z,559,kWh,PLANT-B,true,maverick-q3-2026-complete-v1
complete-q3-v1-electricity-20260807T1500Z,2026-08-07T15:00:00Z,559,kWh,PLANT-B,true,maverick-q3-2026-complete-v1
complete-q3-v1-electricity-20260807T1600Z,2026-08-07T16:00:00Z,559,kWh,PLANT-B,true,maverick-q3-2026-complete-v1
complete-q3-v1-electricity-20260807T1700Z,2026-08-07T17:00:00Z,559,kWh,PLANT-B,true,maverick-q3-2026-complete-v1
complete-q3-v1-electricity-20260807T1800Z,2026-08-07T18:00:00Z,559,kWh,PLANT-B,true,maverick-q3-2026-complete-v1
complete-q3-v1-electricity-20260807T1900Z,2026-08-07T19:00:00Z,499,kWh,PLANT-B,true,maverick-q3-2026-complete-v1
complete-q3-v1-electricity-20260807T2000Z,2026-08-07T20:00:00Z,499,kWh,PLANT-B,true,maverick-q3-2026-complete-v1
complete-q3-v1-electricity-20260807T2100Z,2026-08-07T21:00:00Z,499,kWh,PLANT-B,true,maverick-q3-2026-complete-v1
complete-q3-v1-electricity-20260807T2200Z,2026-08-07T22:00:00Z,499,kWh,PLANT-B,true,maverick-q3-2026-complete-v1
complete-q3-v1-electricity-20260807T2300Z,2026-08-07T23:00:00Z,499,kWh,PLANT-B,true,maverick-q3-2026-complete-v1
complete-q3-v1-electricity-20260808T0000Z,2026-08-08T00:00:00Z,427,kWh,PLANT-B,true,maverick-q3-2026-complete-v1
complete-q3-v1-electricity-20260808T0100Z,2026-08-08T01:00:00Z,427,kWh,PLANT-B,true,maverick-q3-2026-complete-v1
complete-q3-v1-electricity-20260808T0200Z,2026-08-08T02:00:00Z,427,kWh,PLANT-B,true,maverick-q3-2026-complete-v1
complete-q3-v1-electricity-20260808T0300Z,2026-08-08T03:00:00Z,427,kWh,PLANT-B,true,maverick-q3-2026-complete-v1
complete-q3-v1-electricity-20260808T0400Z,2026-08-08T04:00:00Z,427,kWh,PLANT-B,true,maverick-q3-2026-complete-v1
complete-q3-v1-electricity-20260808T0500Z,2026-08-08T05:00:00Z,427,kWh,PLANT-B,true,maverick-q3-2026-complete-v1
complete-q3-v1-electricity-20260808T0600Z,2026-08-08T06:00:00Z,427,kWh,PLANT-B,true,maverick-q3-2026-complete-v1
complete-q3-v1-electricity-20260808T0700Z,2026-08-08T07:00:00Z,487,kWh,PLANT-B,true,maverick-q3-2026-complete-v1
complete-q3-v1-electricity-20260808T0800Z,2026-08-08T08:00:00Z,487,kWh,PLANT-B,true,maverick-q3-2026-complete-v1
complete-q3-v1-electricity-20260808T0900Z,2026-08-08T09:00:00Z,487,kWh,PLANT-B,true,maverick-q3-2026-complete-v1
complete-q3-v1-electricity-20260808T1000Z,2026-08-08T10:00:00Z,487,kWh,PLANT-B,true,maverick-q3-2026-complete-v1
complete-q3-v1-electricity-20260808T1100Z,2026-08-08T11:00:00Z,487,kWh,PLANT-B,true,maverick-q3-2026-complete-v1
complete-q3-v1-electricity-20260808T1200Z,2026-08-08T12:00:00Z,487,kWh,PLANT-B,true,maverick-q3-2026-complete-v1
complete-q3-v1-electricity-20260808T1300Z,2026-08-08T13:00:00Z,487,kWh,PLANT-B,true,maverick-q3-2026-complete-v1
complete-q3-v1-electricity-20260808T1400Z,2026-08-08T14:00:00Z,487,kWh,PLANT-B,true,maverick-q3-2026-complete-v1
complete-q3-v1-electricity-20260808T1500Z,2026-08-08T15:00:00Z,487,kWh,PLANT-B,true,maverick-q3-2026-complete-v1
complete-q3-v1-electricity-20260808T1600Z,2026-08-08T16:00:00Z,487,kWh,PLANT-B,true,maverick-q3-2026-complete-v1
complete-q3-v1-electricity-20260808T1700Z,2026-08-08T17:00:00Z,487,kWh,PLANT-B,true,maverick-q3-2026-complete-v1
complete-q3-v1-electricity-20260808T1800Z,2026-08-08T18:00:00Z,487,kWh,PLANT-B,true,maverick-q3-2026-complete-v1
complete-q3-v1-electricity-20260808T1900Z,2026-08-08T19:00:00Z,427,kWh,PLANT-B,true,maverick-q3-2026-complete-v1
complete-q3-v1-electricity-20260808T2000Z,2026-08-08T20:00:00Z,427,kWh,PLANT-B,true,maverick-q3-2026-complete-v1
complete-q3-v1-electricity-20260808T2100Z,2026-08-08T21:00:00Z,427,kWh,PLANT-B,true,maverick-q3-2026-complete-v1
complete-q3-v1-electricity-20260808T2200Z,2026-08-08T22:00:00Z,427,kWh,PLANT-B,true,maverick-q3-2026-complete-v1
complete-q3-v1-electricity-20260808T2300Z,2026-08-08T23:00:00Z,427,kWh,PLANT-B,true,maverick-q3-2026-complete-v1
complete-q3-v1-electricity-20260809T0000Z,2026-08-09T00:00:00Z,430,kWh,PLANT-B,true,maverick-q3-2026-complete-v1
complete-q3-v1-electricity-20260809T0100Z,2026-08-09T01:00:00Z,430,kWh,PLANT-B,true,maverick-q3-2026-complete-v1
complete-q3-v1-electricity-20260809T0200Z,2026-08-09T02:00:00Z,430,kWh,PLANT-B,true,maverick-q3-2026-complete-v1
complete-q3-v1-electricity-20260809T0300Z,2026-08-09T03:00:00Z,430,kWh,PLANT-B,true,maverick-q3-2026-complete-v1
complete-q3-v1-electricity-20260809T0400Z,2026-08-09T04:00:00Z,430,kWh,PLANT-B,true,maverick-q3-2026-complete-v1
complete-q3-v1-electricity-20260809T0500Z,2026-08-09T05:00:00Z,430,kWh,PLANT-B,true,maverick-q3-2026-complete-v1
complete-q3-v1-electricity-20260809T0600Z,2026-08-09T06:00:00Z,430,kWh,PLANT-B,true,maverick-q3-2026-complete-v1
complete-q3-v1-electricity-20260809T0700Z,2026-08-09T07:00:00Z,490,kWh,PLANT-B,true,maverick-q3-2026-complete-v1
complete-q3-v1-electricity-20260809T0800Z,2026-08-09T08:00:00Z,490,kWh,PLANT-B,true,maverick-q3-2026-complete-v1
complete-q3-v1-electricity-20260809T0900Z,2026-08-09T09:00:00Z,490,kWh,PLANT-B,true,maverick-q3-2026-complete-v1
complete-q3-v1-electricity-20260809T1000Z,2026-08-09T10:00:00Z,490,kWh,PLANT-B,true,maverick-q3-2026-complete-v1
complete-q3-v1-electricity-20260809T1100Z,2026-08-09T11:00:00Z,490,kWh,PLANT-B,true,maverick-q3-2026-complete-v1
complete-q3-v1-electricity-20260809T1200Z,2026-08-09T12:00:00Z,490,kWh,PLANT-B,true,maverick-q3-2026-complete-v1
complete-q3-v1-electricity-20260809T1300Z,2026-08-09T13:00:00Z,490,kWh,PLANT-B,true,maverick-q3-2026-complete-v1
complete-q3-v1-electricity-20260809T1400Z,2026-08-09T14:00:00Z,490,kWh,PLANT-B,true,maverick-q3-2026-complete-v1
complete-q3-v1-electricity-20260809T1500Z,2026-08-09T15:00:00Z,490,kWh,PLANT-B,true,maverick-q3-2026-complete-v1
complete-q3-v1-electricity-20260809T1600Z,2026-08-09T16:00:00Z,490,kWh,PLANT-B,true,maverick-q3-2026-complete-v1
complete-q3-v1-electricity-20260809T1700Z,2026-08-09T17:00:00Z,490,kWh,PLANT-B,true,maverick-q3-2026-complete-v1
complete-q3-v1-electricity-20260809T1800Z,2026-08-09T18:00:00Z,490,kWh,PLANT-B,true,maverick-q3-2026-complete-v1
complete-q3-v1-electricity-20260809T1900Z,2026-08-09T19:00:00Z,430,kWh,PLANT-B,true,maverick-q3-2026-complete-v1
complete-q3-v1-electricity-20260809T2000Z,2026-08-09T20:00:00Z,430,kWh,PLANT-B,true,maverick-q3-2026-complete-v1
complete-q3-v1-electricity-20260809T2100Z,2026-08-09T21:00:00Z,430,kWh,PLANT-B,true,maverick-q3-2026-complete-v1
complete-q3-v1-electricity-20260809T2200Z,2026-08-09T22:00:00Z,430,kWh,PLANT-B,true,maverick-q3-2026-complete-v1
complete-q3-v1-electricity-20260809T2300Z,2026-08-09T23:00:00Z,430,kWh,PLANT-B,true,maverick-q3-2026-complete-v1
complete-q3-v1-electricity-20260810T0000Z,2026-08-10T00:00:00Z,475,kWh,PLANT-B,true,maverick-q3-2026-complete-v1
complete-q3-v1-electricity-20260810T0100Z,2026-08-10T01:00:00Z,475,kWh,PLANT-B,true,maverick-q3-2026-complete-v1
complete-q3-v1-electricity-20260810T0200Z,2026-08-10T02:00:00Z,475,kWh,PLANT-B,true,maverick-q3-2026-complete-v1
complete-q3-v1-electricity-20260810T0300Z,2026-08-10T03:00:00Z,475,kWh,PLANT-B,true,maverick-q3-2026-complete-v1
complete-q3-v1-electricity-20260810T0400Z,2026-08-10T04:00:00Z,475,kWh,PLANT-B,true,maverick-q3-2026-complete-v1
complete-q3-v1-electricity-20260810T0500Z,2026-08-10T05:00:00Z,475,kWh,PLANT-B,true,maverick-q3-2026-complete-v1
complete-q3-v1-electricity-20260810T0600Z,2026-08-10T06:00:00Z,475,kWh,PLANT-B,true,maverick-q3-2026-complete-v1
complete-q3-v1-electricity-20260810T0700Z,2026-08-10T07:00:00Z,535,kWh,PLANT-B,true,maverick-q3-2026-complete-v1
complete-q3-v1-electricity-20260810T0800Z,2026-08-10T08:00:00Z,535,kWh,PLANT-B,true,maverick-q3-2026-complete-v1
complete-q3-v1-electricity-20260810T0900Z,2026-08-10T09:00:00Z,535,kWh,PLANT-B,true,maverick-q3-2026-complete-v1
complete-q3-v1-electricity-20260810T1000Z,2026-08-10T10:00:00Z,535,kWh,PLANT-B,true,maverick-q3-2026-complete-v1
complete-q3-v1-electricity-20260810T1100Z,2026-08-10T11:00:00Z,535,kWh,PLANT-B,true,maverick-q3-2026-complete-v1
complete-q3-v1-electricity-20260810T1200Z,2026-08-10T12:00:00Z,535,kWh,PLANT-B,true,maverick-q3-2026-complete-v1
complete-q3-v1-electricity-20260810T1300Z,2026-08-10T13:00:00Z,535,kWh,PLANT-B,true,maverick-q3-2026-complete-v1
complete-q3-v1-electricity-20260810T1400Z,2026-08-10T14:00:00Z,535,kWh,PLANT-B,true,maverick-q3-2026-complete-v1
complete-q3-v1-electricity-20260810T1500Z,2026-08-10T15:00:00Z,535,kWh,PLANT-B,true,maverick-q3-2026-complete-v1
complete-q3-v1-electricity-20260810T1600Z,2026-08-10T16:00:00Z,535,kWh,PLANT-B,true,maverick-q3-2026-complete-v1
complete-q3-v1-electricity-20260810T1700Z,2026-08-10T17:00:00Z,535,kWh,PLANT-B,true,maverick-q3-2026-complete-v1
complete-q3-v1-electricity-20260810T1800Z,2026-08-10T18:00:00Z,535,kWh,PLANT-B,true,maverick-q3-2026-complete-v1
complete-q3-v1-electricity-20260810T1900Z,2026-08-10T19:00:00Z,475,kWh,PLANT-B,true,maverick-q3-2026-complete-v1
complete-q3-v1-electricity-20260810T2000Z,2026-08-10T20:00:00Z,475,kWh,PLANT-B,true,maverick-q3-2026-complete-v1
complete-q3-v1-electricity-20260810T2100Z,2026-08-10T21:00:00Z,475,kWh,PLANT-B,true,maverick-q3-2026-complete-v1
complete-q3-v1-electricity-20260810T2200Z,2026-08-10T22:00:00Z,475,kWh,PLANT-B,true,maverick-q3-2026-complete-v1
complete-q3-v1-electricity-20260810T2300Z,2026-08-10T23:00:00Z,475,kWh,PLANT-B,true,maverick-q3-2026-complete-v1
complete-q3-v1-electricity-20260811T0000Z,2026-08-11T00:00:00Z,478,kWh,PLANT-B,true,maverick-q3-2026-complete-v1
complete-q3-v1-electricity-20260811T0100Z,2026-08-11T01:00:00Z,478,kWh,PLANT-B,true,maverick-q3-2026-complete-v1
complete-q3-v1-electricity-20260811T0200Z,2026-08-11T02:00:00Z,478,kWh,PLANT-B,true,maverick-q3-2026-complete-v1
complete-q3-v1-electricity-20260811T0300Z,2026-08-11T03:00:00Z,478,kWh,PLANT-B,true,maverick-q3-2026-complete-v1
complete-q3-v1-electricity-20260811T0400Z,2026-08-11T04:00:00Z,478,kWh,PLANT-B,true,maverick-q3-2026-complete-v1
complete-q3-v1-electricity-20260811T0500Z,2026-08-11T05:00:00Z,478,kWh,PLANT-B,true,maverick-q3-2026-complete-v1
complete-q3-v1-electricity-20260811T0600Z,2026-08-11T06:00:00Z,478,kWh,PLANT-B,true,maverick-q3-2026-complete-v1
complete-q3-v1-electricity-20260811T0700Z,2026-08-11T07:00:00Z,538,kWh,PLANT-B,true,maverick-q3-2026-complete-v1
complete-q3-v1-electricity-20260811T0800Z,2026-08-11T08:00:00Z,538,kWh,PLANT-B,true,maverick-q3-2026-complete-v1
complete-q3-v1-electricity-20260811T0900Z,2026-08-11T09:00:00Z,538,kWh,PLANT-B,true,maverick-q3-2026-complete-v1
complete-q3-v1-electricity-20260811T1000Z,2026-08-11T10:00:00Z,538,kWh,PLANT-B,true,maverick-q3-2026-complete-v1
complete-q3-v1-electricity-20260811T1100Z,2026-08-11T11:00:00Z,538,kWh,PLANT-B,true,maverick-q3-2026-complete-v1
complete-q3-v1-electricity-20260811T1200Z,2026-08-11T12:00:00Z,538,kWh,PLANT-B,true,maverick-q3-2026-complete-v1
complete-q3-v1-electricity-20260811T1300Z,2026-08-11T13:00:00Z,538,kWh,PLANT-B,true,maverick-q3-2026-complete-v1
complete-q3-v1-electricity-20260811T1400Z,2026-08-11T14:00:00Z,538,kWh,PLANT-B,true,maverick-q3-2026-complete-v1
complete-q3-v1-electricity-20260811T1500Z,2026-08-11T15:00:00Z,538,kWh,PLANT-B,true,maverick-q3-2026-complete-v1
complete-q3-v1-electricity-20260811T1600Z,2026-08-11T16:00:00Z,538,kWh,PLANT-B,true,maverick-q3-2026-complete-v1
complete-q3-v1-electricity-20260811T1700Z,2026-08-11T17:00:00Z,538,kWh,PLANT-B,true,maverick-q3-2026-complete-v1
complete-q3-v1-electricity-20260811T1800Z,2026-08-11T18:00:00Z,538,kWh,PLANT-B,true,maverick-q3-2026-complete-v1
complete-q3-v1-electricity-20260811T1900Z,2026-08-11T19:00:00Z,478,kWh,PLANT-B,true,maverick-q3-2026-complete-v1
complete-q3-v1-electricity-20260811T2000Z,2026-08-11T20:00:00Z,478,kWh,PLANT-B,true,maverick-q3-2026-complete-v1
complete-q3-v1-electricity-20260811T2100Z,2026-08-11T21:00:00Z,478,kWh,PLANT-B,true,maverick-q3-2026-complete-v1
complete-q3-v1-electricity-20260811T2200Z,2026-08-11T22:00:00Z,478,kWh,PLANT-B,true,maverick-q3-2026-complete-v1
complete-q3-v1-electricity-20260811T2300Z,2026-08-11T23:00:00Z,478,kWh,PLANT-B,true,maverick-q3-2026-complete-v1
complete-q3-v1-electricity-20260812T0000Z,2026-08-12T00:00:00Z,481,kWh,PLANT-B,true,maverick-q3-2026-complete-v1
complete-q3-v1-electricity-20260812T0100Z,2026-08-12T01:00:00Z,481,kWh,PLANT-B,true,maverick-q3-2026-complete-v1
complete-q3-v1-electricity-20260812T0200Z,2026-08-12T02:00:00Z,481,kWh,PLANT-B,true,maverick-q3-2026-complete-v1
complete-q3-v1-electricity-20260812T0300Z,2026-08-12T03:00:00Z,481,kWh,PLANT-B,true,maverick-q3-2026-complete-v1
complete-q3-v1-electricity-20260812T0400Z,2026-08-12T04:00:00Z,481,kWh,PLANT-B,true,maverick-q3-2026-complete-v1
complete-q3-v1-electricity-20260812T0500Z,2026-08-12T05:00:00Z,481,kWh,PLANT-B,true,maverick-q3-2026-complete-v1
complete-q3-v1-electricity-20260812T0600Z,2026-08-12T06:00:00Z,481,kWh,PLANT-B,true,maverick-q3-2026-complete-v1
complete-q3-v1-electricity-20260812T0700Z,2026-08-12T07:00:00Z,541,kWh,PLANT-B,true,maverick-q3-2026-complete-v1
complete-q3-v1-electricity-20260812T0800Z,2026-08-12T08:00:00Z,541,kWh,PLANT-B,true,maverick-q3-2026-complete-v1
complete-q3-v1-electricity-20260812T0900Z,2026-08-12T09:00:00Z,541,kWh,PLANT-B,true,maverick-q3-2026-complete-v1
complete-q3-v1-electricity-20260812T1000Z,2026-08-12T10:00:00Z,541,kWh,PLANT-B,true,maverick-q3-2026-complete-v1
complete-q3-v1-electricity-20260812T1100Z,2026-08-12T11:00:00Z,541,kWh,PLANT-B,true,maverick-q3-2026-complete-v1
complete-q3-v1-electricity-20260812T1200Z,2026-08-12T12:00:00Z,541,kWh,PLANT-B,true,maverick-q3-2026-complete-v1
complete-q3-v1-electricity-20260812T1300Z,2026-08-12T13:00:00Z,541,kWh,PLANT-B,true,maverick-q3-2026-complete-v1
complete-q3-v1-electricity-20260812T1400Z,2026-08-12T14:00:00Z,541,kWh,PLANT-B,true,maverick-q3-2026-complete-v1
complete-q3-v1-electricity-20260812T1500Z,2026-08-12T15:00:00Z,541,kWh,PLANT-B,true,maverick-q3-2026-complete-v1
complete-q3-v1-electricity-20260812T1600Z,2026-08-12T16:00:00Z,541,kWh,PLANT-B,true,maverick-q3-2026-complete-v1
complete-q3-v1-electricity-20260812T1700Z,2026-08-12T17:00:00Z,541,kWh,PLANT-B,true,maverick-q3-2026-complete-v1
complete-q3-v1-electricity-20260812T1800Z,2026-08-12T18:00:00Z,541,kWh,PLANT-B,true,maverick-q3-2026-complete-v1
complete-q3-v1-electricity-20260812T1900Z,2026-08-12T19:00:00Z,481,kWh,PLANT-B,true,maverick-q3-2026-complete-v1
complete-q3-v1-electricity-20260812T2000Z,2026-08-12T20:00:00Z,481,kWh,PLANT-B,true,maverick-q3-2026-complete-v1
complete-q3-v1-electricity-20260812T2100Z,2026-08-12T21:00:00Z,481,kWh,PLANT-B,true,maverick-q3-2026-complete-v1
complete-q3-v1-electricity-20260812T2200Z,2026-08-12T22:00:00Z,481,kWh,PLANT-B,true,maverick-q3-2026-complete-v1
complete-q3-v1-electricity-20260812T2300Z,2026-08-12T23:00:00Z,481,kWh,PLANT-B,true,maverick-q3-2026-complete-v1
complete-q3-v1-electricity-20260813T0000Z,2026-08-13T00:00:00Z,484,kWh,PLANT-B,true,maverick-q3-2026-complete-v1
complete-q3-v1-electricity-20260813T0100Z,2026-08-13T01:00:00Z,484,kWh,PLANT-B,true,maverick-q3-2026-complete-v1
complete-q3-v1-electricity-20260813T0200Z,2026-08-13T02:00:00Z,484,kWh,PLANT-B,true,maverick-q3-2026-complete-v1
complete-q3-v1-electricity-20260813T0300Z,2026-08-13T03:00:00Z,484,kWh,PLANT-B,true,maverick-q3-2026-complete-v1
complete-q3-v1-electricity-20260813T0400Z,2026-08-13T04:00:00Z,484,kWh,PLANT-B,true,maverick-q3-2026-complete-v1
complete-q3-v1-electricity-20260813T0500Z,2026-08-13T05:00:00Z,484,kWh,PLANT-B,true,maverick-q3-2026-complete-v1
complete-q3-v1-electricity-20260813T0600Z,2026-08-13T06:00:00Z,484,kWh,PLANT-B,true,maverick-q3-2026-complete-v1
complete-q3-v1-electricity-20260813T0700Z,2026-08-13T07:00:00Z,544,kWh,PLANT-B,true,maverick-q3-2026-complete-v1
complete-q3-v1-electricity-20260813T0800Z,2026-08-13T08:00:00Z,544,kWh,PLANT-B,true,maverick-q3-2026-complete-v1
complete-q3-v1-electricity-20260813T0900Z,2026-08-13T09:00:00Z,544,kWh,PLANT-B,true,maverick-q3-2026-complete-v1
complete-q3-v1-electricity-20260813T1000Z,2026-08-13T10:00:00Z,544,kWh,PLANT-B,true,maverick-q3-2026-complete-v1
complete-q3-v1-electricity-20260813T1100Z,2026-08-13T11:00:00Z,544,kWh,PLANT-B,true,maverick-q3-2026-complete-v1
complete-q3-v1-electricity-20260813T1200Z,2026-08-13T12:00:00Z,544,kWh,PLANT-B,true,maverick-q3-2026-complete-v1
complete-q3-v1-electricity-20260813T1300Z,2026-08-13T13:00:00Z,544,kWh,PLANT-B,true,maverick-q3-2026-complete-v1
complete-q3-v1-electricity-20260813T1400Z,2026-08-13T14:00:00Z,544,kWh,PLANT-B,true,maverick-q3-2026-complete-v1
complete-q3-v1-electricity-20260813T1500Z,2026-08-13T15:00:00Z,544,kWh,PLANT-B,true,maverick-q3-2026-complete-v1
complete-q3-v1-electricity-20260813T1600Z,2026-08-13T16:00:00Z,544,kWh,PLANT-B,true,maverick-q3-2026-complete-v1
complete-q3-v1-electricity-20260813T1700Z,2026-08-13T17:00:00Z,544,kWh,PLANT-B,true,maverick-q3-2026-complete-v1
complete-q3-v1-electricity-20260813T1800Z,2026-08-13T18:00:00Z,544,kWh,PLANT-B,true,maverick-q3-2026-complete-v1
complete-q3-v1-electricity-20260813T1900Z,2026-08-13T19:00:00Z,484,kWh,PLANT-B,true,maverick-q3-2026-complete-v1
complete-q3-v1-electricity-20260813T2000Z,2026-08-13T20:00:00Z,484,kWh,PLANT-B,true,maverick-q3-2026-complete-v1
complete-q3-v1-electricity-20260813T2100Z,2026-08-13T21:00:00Z,484,kWh,PLANT-B,true,maverick-q3-2026-complete-v1
complete-q3-v1-electricity-20260813T2200Z,2026-08-13T22:00:00Z,484,kWh,PLANT-B,true,maverick-q3-2026-complete-v1
complete-q3-v1-electricity-20260813T2300Z,2026-08-13T23:00:00Z,484,kWh,PLANT-B,true,maverick-q3-2026-complete-v1
complete-q3-v1-electricity-20260814T0000Z,2026-08-14T00:00:00Z,487,kWh,PLANT-B,true,maverick-q3-2026-complete-v1
complete-q3-v1-electricity-20260814T0100Z,2026-08-14T01:00:00Z,487,kWh,PLANT-B,true,maverick-q3-2026-complete-v1
complete-q3-v1-electricity-20260814T0200Z,2026-08-14T02:00:00Z,487,kWh,PLANT-B,true,maverick-q3-2026-complete-v1
complete-q3-v1-electricity-20260814T0300Z,2026-08-14T03:00:00Z,487,kWh,PLANT-B,true,maverick-q3-2026-complete-v1
complete-q3-v1-electricity-20260814T0400Z,2026-08-14T04:00:00Z,487,kWh,PLANT-B,true,maverick-q3-2026-complete-v1
complete-q3-v1-electricity-20260814T0500Z,2026-08-14T05:00:00Z,487,kWh,PLANT-B,true,maverick-q3-2026-complete-v1
complete-q3-v1-electricity-20260814T0600Z,2026-08-14T06:00:00Z,487,kWh,PLANT-B,true,maverick-q3-2026-complete-v1
complete-q3-v1-electricity-20260814T0700Z,2026-08-14T07:00:00Z,547,kWh,PLANT-B,true,maverick-q3-2026-complete-v1
complete-q3-v1-electricity-20260814T0800Z,2026-08-14T08:00:00Z,547,kWh,PLANT-B,true,maverick-q3-2026-complete-v1
complete-q3-v1-electricity-20260814T0900Z,2026-08-14T09:00:00Z,547,kWh,PLANT-B,true,maverick-q3-2026-complete-v1
complete-q3-v1-electricity-20260814T1000Z,2026-08-14T10:00:00Z,547,kWh,PLANT-B,true,maverick-q3-2026-complete-v1
complete-q3-v1-electricity-20260814T1100Z,2026-08-14T11:00:00Z,547,kWh,PLANT-B,true,maverick-q3-2026-complete-v1
complete-q3-v1-electricity-20260814T1200Z,2026-08-14T12:00:00Z,547,kWh,PLANT-B,true,maverick-q3-2026-complete-v1
complete-q3-v1-electricity-20260814T1300Z,2026-08-14T13:00:00Z,547,kWh,PLANT-B,true,maverick-q3-2026-complete-v1
complete-q3-v1-electricity-20260814T1400Z,2026-08-14T14:00:00Z,547,kWh,PLANT-B,true,maverick-q3-2026-complete-v1
complete-q3-v1-electricity-20260814T1500Z,2026-08-14T15:00:00Z,547,kWh,PLANT-B,true,maverick-q3-2026-complete-v1
complete-q3-v1-electricity-20260814T1600Z,2026-08-14T16:00:00Z,547,kWh,PLANT-B,true,maverick-q3-2026-complete-v1
complete-q3-v1-electricity-20260814T1700Z,2026-08-14T17:00:00Z,547,kWh,PLANT-B,true,maverick-q3-2026-complete-v1
complete-q3-v1-electricity-20260814T1800Z,2026-08-14T18:00:00Z,547,kWh,PLANT-B,true,maverick-q3-2026-complete-v1
complete-q3-v1-electricity-20260814T1900Z,2026-08-14T19:00:00Z,487,kWh,PLANT-B,true,maverick-q3-2026-complete-v1
complete-q3-v1-electricity-20260814T2000Z,2026-08-14T20:00:00Z,487,kWh,PLANT-B,true,maverick-q3-2026-complete-v1
complete-q3-v1-electricity-20260814T2100Z,2026-08-14T21:00:00Z,487,kWh,PLANT-B,true,maverick-q3-2026-complete-v1
complete-q3-v1-electricity-20260814T2200Z,2026-08-14T22:00:00Z,487,kWh,PLANT-B,true,maverick-q3-2026-complete-v1
complete-q3-v1-electricity-20260814T2300Z,2026-08-14T23:00:00Z,487,kWh,PLANT-B,true,maverick-q3-2026-complete-v1
complete-q3-v1-electricity-20260815T0000Z,2026-08-15T00:00:00Z,448,kWh,PLANT-B,true,maverick-q3-2026-complete-v1
complete-q3-v1-electricity-20260815T0100Z,2026-08-15T01:00:00Z,448,kWh,PLANT-B,true,maverick-q3-2026-complete-v1
complete-q3-v1-electricity-20260815T0200Z,2026-08-15T02:00:00Z,448,kWh,PLANT-B,true,maverick-q3-2026-complete-v1
complete-q3-v1-electricity-20260815T0300Z,2026-08-15T03:00:00Z,448,kWh,PLANT-B,true,maverick-q3-2026-complete-v1
complete-q3-v1-electricity-20260815T0400Z,2026-08-15T04:00:00Z,448,kWh,PLANT-B,true,maverick-q3-2026-complete-v1
complete-q3-v1-electricity-20260815T0500Z,2026-08-15T05:00:00Z,448,kWh,PLANT-B,true,maverick-q3-2026-complete-v1
complete-q3-v1-electricity-20260815T0600Z,2026-08-15T06:00:00Z,448,kWh,PLANT-B,true,maverick-q3-2026-complete-v1
complete-q3-v1-electricity-20260815T0700Z,2026-08-15T07:00:00Z,508,kWh,PLANT-B,true,maverick-q3-2026-complete-v1
complete-q3-v1-electricity-20260815T0800Z,2026-08-15T08:00:00Z,508,kWh,PLANT-B,true,maverick-q3-2026-complete-v1
complete-q3-v1-electricity-20260815T0900Z,2026-08-15T09:00:00Z,508,kWh,PLANT-B,true,maverick-q3-2026-complete-v1
complete-q3-v1-electricity-20260815T1000Z,2026-08-15T10:00:00Z,508,kWh,PLANT-B,true,maverick-q3-2026-complete-v1
complete-q3-v1-electricity-20260815T1100Z,2026-08-15T11:00:00Z,508,kWh,PLANT-B,true,maverick-q3-2026-complete-v1
complete-q3-v1-electricity-20260815T1200Z,2026-08-15T12:00:00Z,508,kWh,PLANT-B,true,maverick-q3-2026-complete-v1
complete-q3-v1-electricity-20260815T1300Z,2026-08-15T13:00:00Z,508,kWh,PLANT-B,true,maverick-q3-2026-complete-v1
complete-q3-v1-electricity-20260815T1400Z,2026-08-15T14:00:00Z,508,kWh,PLANT-B,true,maverick-q3-2026-complete-v1
complete-q3-v1-electricity-20260815T1500Z,2026-08-15T15:00:00Z,508,kWh,PLANT-B,true,maverick-q3-2026-complete-v1
complete-q3-v1-electricity-20260815T1600Z,2026-08-15T16:00:00Z,508,kWh,PLANT-B,true,maverick-q3-2026-complete-v1
complete-q3-v1-electricity-20260815T1700Z,2026-08-15T17:00:00Z,508,kWh,PLANT-B,true,maverick-q3-2026-complete-v1
complete-q3-v1-electricity-20260815T1800Z,2026-08-15T18:00:00Z,508,kWh,PLANT-B,true,maverick-q3-2026-complete-v1
complete-q3-v1-electricity-20260815T1900Z,2026-08-15T19:00:00Z,448,kWh,PLANT-B,true,maverick-q3-2026-complete-v1
complete-q3-v1-electricity-20260815T2000Z,2026-08-15T20:00:00Z,448,kWh,PLANT-B,true,maverick-q3-2026-complete-v1
complete-q3-v1-electricity-20260815T2100Z,2026-08-15T21:00:00Z,448,kWh,PLANT-B,true,maverick-q3-2026-complete-v1
complete-q3-v1-electricity-20260815T2200Z,2026-08-15T22:00:00Z,448,kWh,PLANT-B,true,maverick-q3-2026-complete-v1
complete-q3-v1-electricity-20260815T2300Z,2026-08-15T23:00:00Z,448,kWh,PLANT-B,true,maverick-q3-2026-complete-v1
complete-q3-v1-electricity-20260816T0000Z,2026-08-16T00:00:00Z,451,kWh,PLANT-B,true,maverick-q3-2026-complete-v1
complete-q3-v1-electricity-20260816T0100Z,2026-08-16T01:00:00Z,451,kWh,PLANT-B,true,maverick-q3-2026-complete-v1
complete-q3-v1-electricity-20260816T0200Z,2026-08-16T02:00:00Z,451,kWh,PLANT-B,true,maverick-q3-2026-complete-v1
complete-q3-v1-electricity-20260816T0300Z,2026-08-16T03:00:00Z,451,kWh,PLANT-B,true,maverick-q3-2026-complete-v1
complete-q3-v1-electricity-20260816T0400Z,2026-08-16T04:00:00Z,451,kWh,PLANT-B,true,maverick-q3-2026-complete-v1
complete-q3-v1-electricity-20260816T0500Z,2026-08-16T05:00:00Z,451,kWh,PLANT-B,true,maverick-q3-2026-complete-v1
complete-q3-v1-electricity-20260816T0600Z,2026-08-16T06:00:00Z,451,kWh,PLANT-B,true,maverick-q3-2026-complete-v1
complete-q3-v1-electricity-20260816T0700Z,2026-08-16T07:00:00Z,511,kWh,PLANT-B,true,maverick-q3-2026-complete-v1
complete-q3-v1-electricity-20260816T0800Z,2026-08-16T08:00:00Z,511,kWh,PLANT-B,true,maverick-q3-2026-complete-v1
complete-q3-v1-electricity-20260816T0900Z,2026-08-16T09:00:00Z,511,kWh,PLANT-B,true,maverick-q3-2026-complete-v1
complete-q3-v1-electricity-20260816T1000Z,2026-08-16T10:00:00Z,511,kWh,PLANT-B,true,maverick-q3-2026-complete-v1
complete-q3-v1-electricity-20260816T1100Z,2026-08-16T11:00:00Z,511,kWh,PLANT-B,true,maverick-q3-2026-complete-v1
complete-q3-v1-electricity-20260816T1200Z,2026-08-16T12:00:00Z,511,kWh,PLANT-B,true,maverick-q3-2026-complete-v1
complete-q3-v1-electricity-20260816T1300Z,2026-08-16T13:00:00Z,511,kWh,PLANT-B,true,maverick-q3-2026-complete-v1
complete-q3-v1-electricity-20260816T1400Z,2026-08-16T14:00:00Z,511,kWh,PLANT-B,true,maverick-q3-2026-complete-v1
complete-q3-v1-electricity-20260816T1500Z,2026-08-16T15:00:00Z,511,kWh,PLANT-B,true,maverick-q3-2026-complete-v1
complete-q3-v1-electricity-20260816T1600Z,2026-08-16T16:00:00Z,511,kWh,PLANT-B,true,maverick-q3-2026-complete-v1
complete-q3-v1-electricity-20260816T1700Z,2026-08-16T17:00:00Z,511,kWh,PLANT-B,true,maverick-q3-2026-complete-v1
complete-q3-v1-electricity-20260816T1800Z,2026-08-16T18:00:00Z,511,kWh,PLANT-B,true,maverick-q3-2026-complete-v1
complete-q3-v1-electricity-20260816T1900Z,2026-08-16T19:00:00Z,451,kWh,PLANT-B,true,maverick-q3-2026-complete-v1
complete-q3-v1-electricity-20260816T2000Z,2026-08-16T20:00:00Z,451,kWh,PLANT-B,true,maverick-q3-2026-complete-v1
complete-q3-v1-electricity-20260816T2100Z,2026-08-16T21:00:00Z,451,kWh,PLANT-B,true,maverick-q3-2026-complete-v1
complete-q3-v1-electricity-20260816T2200Z,2026-08-16T22:00:00Z,451,kWh,PLANT-B,true,maverick-q3-2026-complete-v1
complete-q3-v1-electricity-20260816T2300Z,2026-08-16T23:00:00Z,451,kWh,PLANT-B,true,maverick-q3-2026-complete-v1
complete-q3-v1-electricity-20260817T0000Z,2026-08-17T00:00:00Z,496,kWh,PLANT-B,true,maverick-q3-2026-complete-v1
complete-q3-v1-electricity-20260817T0100Z,2026-08-17T01:00:00Z,496,kWh,PLANT-B,true,maverick-q3-2026-complete-v1
complete-q3-v1-electricity-20260817T0200Z,2026-08-17T02:00:00Z,496,kWh,PLANT-B,true,maverick-q3-2026-complete-v1
complete-q3-v1-electricity-20260817T0300Z,2026-08-17T03:00:00Z,496,kWh,PLANT-B,true,maverick-q3-2026-complete-v1
complete-q3-v1-electricity-20260817T0400Z,2026-08-17T04:00:00Z,496,kWh,PLANT-B,true,maverick-q3-2026-complete-v1
complete-q3-v1-electricity-20260817T0500Z,2026-08-17T05:00:00Z,496,kWh,PLANT-B,true,maverick-q3-2026-complete-v1
complete-q3-v1-electricity-20260817T0600Z,2026-08-17T06:00:00Z,496,kWh,PLANT-B,true,maverick-q3-2026-complete-v1
complete-q3-v1-electricity-20260817T0700Z,2026-08-17T07:00:00Z,556,kWh,PLANT-B,true,maverick-q3-2026-complete-v1
complete-q3-v1-electricity-20260817T0800Z,2026-08-17T08:00:00Z,556,kWh,PLANT-B,true,maverick-q3-2026-complete-v1
complete-q3-v1-electricity-20260817T0900Z,2026-08-17T09:00:00Z,556,kWh,PLANT-B,true,maverick-q3-2026-complete-v1
complete-q3-v1-electricity-20260817T1000Z,2026-08-17T10:00:00Z,556,kWh,PLANT-B,true,maverick-q3-2026-complete-v1
complete-q3-v1-electricity-20260817T1100Z,2026-08-17T11:00:00Z,556,kWh,PLANT-B,true,maverick-q3-2026-complete-v1
complete-q3-v1-electricity-20260817T1200Z,2026-08-17T12:00:00Z,556,kWh,PLANT-B,true,maverick-q3-2026-complete-v1
complete-q3-v1-electricity-20260817T1300Z,2026-08-17T13:00:00Z,556,kWh,PLANT-B,true,maverick-q3-2026-complete-v1
complete-q3-v1-electricity-20260817T1400Z,2026-08-17T14:00:00Z,556,kWh,PLANT-B,true,maverick-q3-2026-complete-v1
complete-q3-v1-electricity-20260817T1500Z,2026-08-17T15:00:00Z,556,kWh,PLANT-B,true,maverick-q3-2026-complete-v1
complete-q3-v1-electricity-20260817T1600Z,2026-08-17T16:00:00Z,556,kWh,PLANT-B,true,maverick-q3-2026-complete-v1
complete-q3-v1-electricity-20260817T1700Z,2026-08-17T17:00:00Z,556,kWh,PLANT-B,true,maverick-q3-2026-complete-v1
complete-q3-v1-electricity-20260817T1800Z,2026-08-17T18:00:00Z,556,kWh,PLANT-B,true,maverick-q3-2026-complete-v1
complete-q3-v1-electricity-20260817T1900Z,2026-08-17T19:00:00Z,496,kWh,PLANT-B,true,maverick-q3-2026-complete-v1
complete-q3-v1-electricity-20260817T2000Z,2026-08-17T20:00:00Z,496,kWh,PLANT-B,true,maverick-q3-2026-complete-v1
complete-q3-v1-electricity-20260817T2100Z,2026-08-17T21:00:00Z,496,kWh,PLANT-B,true,maverick-q3-2026-complete-v1
complete-q3-v1-electricity-20260817T2200Z,2026-08-17T22:00:00Z,496,kWh,PLANT-B,true,maverick-q3-2026-complete-v1
complete-q3-v1-electricity-20260817T2300Z,2026-08-17T23:00:00Z,496,kWh,PLANT-B,true,maverick-q3-2026-complete-v1
complete-q3-v1-electricity-20260818T0000Z,2026-08-18T00:00:00Z,499,kWh,PLANT-B,true,maverick-q3-2026-complete-v1
complete-q3-v1-electricity-20260818T0100Z,2026-08-18T01:00:00Z,499,kWh,PLANT-B,true,maverick-q3-2026-complete-v1
complete-q3-v1-electricity-20260818T0200Z,2026-08-18T02:00:00Z,499,kWh,PLANT-B,true,maverick-q3-2026-complete-v1
complete-q3-v1-electricity-20260818T0300Z,2026-08-18T03:00:00Z,499,kWh,PLANT-B,true,maverick-q3-2026-complete-v1
complete-q3-v1-electricity-20260818T0400Z,2026-08-18T04:00:00Z,499,kWh,PLANT-B,true,maverick-q3-2026-complete-v1
complete-q3-v1-electricity-20260818T0500Z,2026-08-18T05:00:00Z,499,kWh,PLANT-B,true,maverick-q3-2026-complete-v1
complete-q3-v1-electricity-20260818T0600Z,2026-08-18T06:00:00Z,499,kWh,PLANT-B,true,maverick-q3-2026-complete-v1
complete-q3-v1-electricity-20260818T0700Z,2026-08-18T07:00:00Z,559,kWh,PLANT-B,true,maverick-q3-2026-complete-v1
complete-q3-v1-electricity-20260818T0800Z,2026-08-18T08:00:00Z,559,kWh,PLANT-B,true,maverick-q3-2026-complete-v1
complete-q3-v1-electricity-20260818T0900Z,2026-08-18T09:00:00Z,559,kWh,PLANT-B,true,maverick-q3-2026-complete-v1
complete-q3-v1-electricity-20260818T1000Z,2026-08-18T10:00:00Z,559,kWh,PLANT-B,true,maverick-q3-2026-complete-v1
complete-q3-v1-electricity-20260818T1100Z,2026-08-18T11:00:00Z,559,kWh,PLANT-B,true,maverick-q3-2026-complete-v1
complete-q3-v1-electricity-20260818T1200Z,2026-08-18T12:00:00Z,559,kWh,PLANT-B,true,maverick-q3-2026-complete-v1
complete-q3-v1-electricity-20260818T1300Z,2026-08-18T13:00:00Z,559,kWh,PLANT-B,true,maverick-q3-2026-complete-v1
complete-q3-v1-electricity-20260818T1400Z,2026-08-18T14:00:00Z,559,kWh,PLANT-B,true,maverick-q3-2026-complete-v1
complete-q3-v1-electricity-20260818T1500Z,2026-08-18T15:00:00Z,559,kWh,PLANT-B,true,maverick-q3-2026-complete-v1
complete-q3-v1-electricity-20260818T1600Z,2026-08-18T16:00:00Z,559,kWh,PLANT-B,true,maverick-q3-2026-complete-v1
complete-q3-v1-electricity-20260818T1700Z,2026-08-18T17:00:00Z,559,kWh,PLANT-B,true,maverick-q3-2026-complete-v1
complete-q3-v1-electricity-20260818T1800Z,2026-08-18T18:00:00Z,559,kWh,PLANT-B,true,maverick-q3-2026-complete-v1
complete-q3-v1-electricity-20260818T1900Z,2026-08-18T19:00:00Z,499,kWh,PLANT-B,true,maverick-q3-2026-complete-v1
complete-q3-v1-electricity-20260818T2000Z,2026-08-18T20:00:00Z,499,kWh,PLANT-B,true,maverick-q3-2026-complete-v1
complete-q3-v1-electricity-20260818T2100Z,2026-08-18T21:00:00Z,499,kWh,PLANT-B,true,maverick-q3-2026-complete-v1
complete-q3-v1-electricity-20260818T2200Z,2026-08-18T22:00:00Z,499,kWh,PLANT-B,true,maverick-q3-2026-complete-v1
complete-q3-v1-electricity-20260818T2300Z,2026-08-18T23:00:00Z,499,kWh,PLANT-B,true,maverick-q3-2026-complete-v1
complete-q3-v1-electricity-20260819T0000Z,2026-08-19T00:00:00Z,469,kWh,PLANT-B,true,maverick-q3-2026-complete-v1
complete-q3-v1-electricity-20260819T0100Z,2026-08-19T01:00:00Z,469,kWh,PLANT-B,true,maverick-q3-2026-complete-v1
complete-q3-v1-electricity-20260819T0200Z,2026-08-19T02:00:00Z,469,kWh,PLANT-B,true,maverick-q3-2026-complete-v1
complete-q3-v1-electricity-20260819T0300Z,2026-08-19T03:00:00Z,469,kWh,PLANT-B,true,maverick-q3-2026-complete-v1
complete-q3-v1-electricity-20260819T0400Z,2026-08-19T04:00:00Z,469,kWh,PLANT-B,true,maverick-q3-2026-complete-v1
complete-q3-v1-electricity-20260819T0500Z,2026-08-19T05:00:00Z,469,kWh,PLANT-B,true,maverick-q3-2026-complete-v1
complete-q3-v1-electricity-20260819T0600Z,2026-08-19T06:00:00Z,469,kWh,PLANT-B,true,maverick-q3-2026-complete-v1
complete-q3-v1-electricity-20260819T0700Z,2026-08-19T07:00:00Z,529,kWh,PLANT-B,true,maverick-q3-2026-complete-v1
complete-q3-v1-electricity-20260819T0800Z,2026-08-19T08:00:00Z,529,kWh,PLANT-B,true,maverick-q3-2026-complete-v1
complete-q3-v1-electricity-20260819T0900Z,2026-08-19T09:00:00Z,529,kWh,PLANT-B,true,maverick-q3-2026-complete-v1
complete-q3-v1-electricity-20260819T1000Z,2026-08-19T10:00:00Z,529,kWh,PLANT-B,true,maverick-q3-2026-complete-v1
complete-q3-v1-electricity-20260819T1100Z,2026-08-19T11:00:00Z,529,kWh,PLANT-B,true,maverick-q3-2026-complete-v1
complete-q3-v1-electricity-20260819T1200Z,2026-08-19T12:00:00Z,529,kWh,PLANT-B,true,maverick-q3-2026-complete-v1
complete-q3-v1-electricity-20260819T1300Z,2026-08-19T13:00:00Z,529,kWh,PLANT-B,true,maverick-q3-2026-complete-v1
complete-q3-v1-electricity-20260819T1400Z,2026-08-19T14:00:00Z,529,kWh,PLANT-B,true,maverick-q3-2026-complete-v1
complete-q3-v1-electricity-20260819T1500Z,2026-08-19T15:00:00Z,529,kWh,PLANT-B,true,maverick-q3-2026-complete-v1
complete-q3-v1-electricity-20260819T1600Z,2026-08-19T16:00:00Z,529,kWh,PLANT-B,true,maverick-q3-2026-complete-v1
complete-q3-v1-electricity-20260819T1700Z,2026-08-19T17:00:00Z,529,kWh,PLANT-B,true,maverick-q3-2026-complete-v1
complete-q3-v1-electricity-20260819T1800Z,2026-08-19T18:00:00Z,529,kWh,PLANT-B,true,maverick-q3-2026-complete-v1
complete-q3-v1-electricity-20260819T1900Z,2026-08-19T19:00:00Z,469,kWh,PLANT-B,true,maverick-q3-2026-complete-v1
complete-q3-v1-electricity-20260819T2000Z,2026-08-19T20:00:00Z,469,kWh,PLANT-B,true,maverick-q3-2026-complete-v1
complete-q3-v1-electricity-20260819T2100Z,2026-08-19T21:00:00Z,469,kWh,PLANT-B,true,maverick-q3-2026-complete-v1
complete-q3-v1-electricity-20260819T2200Z,2026-08-19T22:00:00Z,469,kWh,PLANT-B,true,maverick-q3-2026-complete-v1
complete-q3-v1-electricity-20260819T2300Z,2026-08-19T23:00:00Z,469,kWh,PLANT-B,true,maverick-q3-2026-complete-v1
complete-q3-v1-electricity-20260820T0000Z,2026-08-20T00:00:00Z,472,kWh,PLANT-B,true,maverick-q3-2026-complete-v1
complete-q3-v1-electricity-20260820T0100Z,2026-08-20T01:00:00Z,472,kWh,PLANT-B,true,maverick-q3-2026-complete-v1
complete-q3-v1-electricity-20260820T0200Z,2026-08-20T02:00:00Z,472,kWh,PLANT-B,true,maverick-q3-2026-complete-v1
complete-q3-v1-electricity-20260820T0300Z,2026-08-20T03:00:00Z,472,kWh,PLANT-B,true,maverick-q3-2026-complete-v1
complete-q3-v1-electricity-20260820T0400Z,2026-08-20T04:00:00Z,472,kWh,PLANT-B,true,maverick-q3-2026-complete-v1
complete-q3-v1-electricity-20260820T0500Z,2026-08-20T05:00:00Z,472,kWh,PLANT-B,true,maverick-q3-2026-complete-v1
complete-q3-v1-electricity-20260820T0600Z,2026-08-20T06:00:00Z,472,kWh,PLANT-B,true,maverick-q3-2026-complete-v1
complete-q3-v1-electricity-20260820T0700Z,2026-08-20T07:00:00Z,532,kWh,PLANT-B,true,maverick-q3-2026-complete-v1
complete-q3-v1-electricity-20260820T0800Z,2026-08-20T08:00:00Z,532,kWh,PLANT-B,true,maverick-q3-2026-complete-v1
complete-q3-v1-electricity-20260820T0900Z,2026-08-20T09:00:00Z,532,kWh,PLANT-B,true,maverick-q3-2026-complete-v1
complete-q3-v1-electricity-20260820T1000Z,2026-08-20T10:00:00Z,532,kWh,PLANT-B,true,maverick-q3-2026-complete-v1
complete-q3-v1-electricity-20260820T1100Z,2026-08-20T11:00:00Z,532,kWh,PLANT-B,true,maverick-q3-2026-complete-v1
complete-q3-v1-electricity-20260820T1200Z,2026-08-20T12:00:00Z,532,kWh,PLANT-B,true,maverick-q3-2026-complete-v1
complete-q3-v1-electricity-20260820T1300Z,2026-08-20T13:00:00Z,532,kWh,PLANT-B,true,maverick-q3-2026-complete-v1
complete-q3-v1-electricity-20260820T1400Z,2026-08-20T14:00:00Z,532,kWh,PLANT-B,true,maverick-q3-2026-complete-v1
complete-q3-v1-electricity-20260820T1500Z,2026-08-20T15:00:00Z,532,kWh,PLANT-B,true,maverick-q3-2026-complete-v1
complete-q3-v1-electricity-20260820T1600Z,2026-08-20T16:00:00Z,532,kWh,PLANT-B,true,maverick-q3-2026-complete-v1
complete-q3-v1-electricity-20260820T1700Z,2026-08-20T17:00:00Z,532,kWh,PLANT-B,true,maverick-q3-2026-complete-v1
complete-q3-v1-electricity-20260820T1800Z,2026-08-20T18:00:00Z,532,kWh,PLANT-B,true,maverick-q3-2026-complete-v1
complete-q3-v1-electricity-20260820T1900Z,2026-08-20T19:00:00Z,472,kWh,PLANT-B,true,maverick-q3-2026-complete-v1
complete-q3-v1-electricity-20260820T2000Z,2026-08-20T20:00:00Z,472,kWh,PLANT-B,true,maverick-q3-2026-complete-v1
complete-q3-v1-electricity-20260820T2100Z,2026-08-20T21:00:00Z,472,kWh,PLANT-B,true,maverick-q3-2026-complete-v1
complete-q3-v1-electricity-20260820T2200Z,2026-08-20T22:00:00Z,472,kWh,PLANT-B,true,maverick-q3-2026-complete-v1
complete-q3-v1-electricity-20260820T2300Z,2026-08-20T23:00:00Z,472,kWh,PLANT-B,true,maverick-q3-2026-complete-v1
complete-q3-v1-electricity-20260821T0000Z,2026-08-21T00:00:00Z,475,kWh,PLANT-B,true,maverick-q3-2026-complete-v1
complete-q3-v1-electricity-20260821T0100Z,2026-08-21T01:00:00Z,475,kWh,PLANT-B,true,maverick-q3-2026-complete-v1
complete-q3-v1-electricity-20260821T0200Z,2026-08-21T02:00:00Z,475,kWh,PLANT-B,true,maverick-q3-2026-complete-v1
complete-q3-v1-electricity-20260821T0300Z,2026-08-21T03:00:00Z,475,kWh,PLANT-B,true,maverick-q3-2026-complete-v1
complete-q3-v1-electricity-20260821T0400Z,2026-08-21T04:00:00Z,475,kWh,PLANT-B,true,maverick-q3-2026-complete-v1
complete-q3-v1-electricity-20260821T0500Z,2026-08-21T05:00:00Z,475,kWh,PLANT-B,true,maverick-q3-2026-complete-v1
complete-q3-v1-electricity-20260821T0600Z,2026-08-21T06:00:00Z,475,kWh,PLANT-B,true,maverick-q3-2026-complete-v1
complete-q3-v1-electricity-20260821T0700Z,2026-08-21T07:00:00Z,535,kWh,PLANT-B,true,maverick-q3-2026-complete-v1
complete-q3-v1-electricity-20260821T0800Z,2026-08-21T08:00:00Z,535,kWh,PLANT-B,true,maverick-q3-2026-complete-v1
complete-q3-v1-electricity-20260821T0900Z,2026-08-21T09:00:00Z,535,kWh,PLANT-B,true,maverick-q3-2026-complete-v1
complete-q3-v1-electricity-20260821T1000Z,2026-08-21T10:00:00Z,535,kWh,PLANT-B,true,maverick-q3-2026-complete-v1
complete-q3-v1-electricity-20260821T1100Z,2026-08-21T11:00:00Z,535,kWh,PLANT-B,true,maverick-q3-2026-complete-v1
complete-q3-v1-electricity-20260821T1200Z,2026-08-21T12:00:00Z,535,kWh,PLANT-B,true,maverick-q3-2026-complete-v1
complete-q3-v1-electricity-20260821T1300Z,2026-08-21T13:00:00Z,535,kWh,PLANT-B,true,maverick-q3-2026-complete-v1
complete-q3-v1-electricity-20260821T1400Z,2026-08-21T14:00:00Z,535,kWh,PLANT-B,true,maverick-q3-2026-complete-v1
complete-q3-v1-electricity-20260821T1500Z,2026-08-21T15:00:00Z,535,kWh,PLANT-B,true,maverick-q3-2026-complete-v1
complete-q3-v1-electricity-20260821T1600Z,2026-08-21T16:00:00Z,535,kWh,PLANT-B,true,maverick-q3-2026-complete-v1
complete-q3-v1-electricity-20260821T1700Z,2026-08-21T17:00:00Z,535,kWh,PLANT-B,true,maverick-q3-2026-complete-v1
complete-q3-v1-electricity-20260821T1800Z,2026-08-21T18:00:00Z,535,kWh,PLANT-B,true,maverick-q3-2026-complete-v1
complete-q3-v1-electricity-20260821T1900Z,2026-08-21T19:00:00Z,475,kWh,PLANT-B,true,maverick-q3-2026-complete-v1
complete-q3-v1-electricity-20260821T2000Z,2026-08-21T20:00:00Z,475,kWh,PLANT-B,true,maverick-q3-2026-complete-v1
complete-q3-v1-electricity-20260821T2100Z,2026-08-21T21:00:00Z,475,kWh,PLANT-B,true,maverick-q3-2026-complete-v1
complete-q3-v1-electricity-20260821T2200Z,2026-08-21T22:00:00Z,475,kWh,PLANT-B,true,maverick-q3-2026-complete-v1
complete-q3-v1-electricity-20260821T2300Z,2026-08-21T23:00:00Z,475,kWh,PLANT-B,true,maverick-q3-2026-complete-v1
complete-q3-v1-electricity-20260822T0000Z,2026-08-22T00:00:00Z,436,kWh,PLANT-B,true,maverick-q3-2026-complete-v1
complete-q3-v1-electricity-20260822T0100Z,2026-08-22T01:00:00Z,436,kWh,PLANT-B,true,maverick-q3-2026-complete-v1
complete-q3-v1-electricity-20260822T0200Z,2026-08-22T02:00:00Z,436,kWh,PLANT-B,true,maverick-q3-2026-complete-v1
complete-q3-v1-electricity-20260822T0300Z,2026-08-22T03:00:00Z,436,kWh,PLANT-B,true,maverick-q3-2026-complete-v1
complete-q3-v1-electricity-20260822T0400Z,2026-08-22T04:00:00Z,436,kWh,PLANT-B,true,maverick-q3-2026-complete-v1
complete-q3-v1-electricity-20260822T0500Z,2026-08-22T05:00:00Z,436,kWh,PLANT-B,true,maverick-q3-2026-complete-v1
complete-q3-v1-electricity-20260822T0600Z,2026-08-22T06:00:00Z,436,kWh,PLANT-B,true,maverick-q3-2026-complete-v1
complete-q3-v1-electricity-20260822T0700Z,2026-08-22T07:00:00Z,496,kWh,PLANT-B,true,maverick-q3-2026-complete-v1
complete-q3-v1-electricity-20260822T0800Z,2026-08-22T08:00:00Z,496,kWh,PLANT-B,true,maverick-q3-2026-complete-v1
complete-q3-v1-electricity-20260822T0900Z,2026-08-22T09:00:00Z,496,kWh,PLANT-B,true,maverick-q3-2026-complete-v1
complete-q3-v1-electricity-20260822T1000Z,2026-08-22T10:00:00Z,496,kWh,PLANT-B,true,maverick-q3-2026-complete-v1
complete-q3-v1-electricity-20260822T1100Z,2026-08-22T11:00:00Z,496,kWh,PLANT-B,true,maverick-q3-2026-complete-v1
complete-q3-v1-electricity-20260822T1200Z,2026-08-22T12:00:00Z,496,kWh,PLANT-B,true,maverick-q3-2026-complete-v1
complete-q3-v1-electricity-20260822T1300Z,2026-08-22T13:00:00Z,496,kWh,PLANT-B,true,maverick-q3-2026-complete-v1
complete-q3-v1-electricity-20260822T1400Z,2026-08-22T14:00:00Z,496,kWh,PLANT-B,true,maverick-q3-2026-complete-v1
complete-q3-v1-electricity-20260822T1500Z,2026-08-22T15:00:00Z,496,kWh,PLANT-B,true,maverick-q3-2026-complete-v1
complete-q3-v1-electricity-20260822T1600Z,2026-08-22T16:00:00Z,496,kWh,PLANT-B,true,maverick-q3-2026-complete-v1
complete-q3-v1-electricity-20260822T1700Z,2026-08-22T17:00:00Z,496,kWh,PLANT-B,true,maverick-q3-2026-complete-v1
complete-q3-v1-electricity-20260822T1800Z,2026-08-22T18:00:00Z,496,kWh,PLANT-B,true,maverick-q3-2026-complete-v1
complete-q3-v1-electricity-20260822T1900Z,2026-08-22T19:00:00Z,436,kWh,PLANT-B,true,maverick-q3-2026-complete-v1
complete-q3-v1-electricity-20260822T2000Z,2026-08-22T20:00:00Z,436,kWh,PLANT-B,true,maverick-q3-2026-complete-v1
complete-q3-v1-electricity-20260822T2100Z,2026-08-22T21:00:00Z,436,kWh,PLANT-B,true,maverick-q3-2026-complete-v1
complete-q3-v1-electricity-20260822T2200Z,2026-08-22T22:00:00Z,436,kWh,PLANT-B,true,maverick-q3-2026-complete-v1
complete-q3-v1-electricity-20260822T2300Z,2026-08-22T23:00:00Z,436,kWh,PLANT-B,true,maverick-q3-2026-complete-v1
complete-q3-v1-electricity-20260823T0000Z,2026-08-23T00:00:00Z,439,kWh,PLANT-B,true,maverick-q3-2026-complete-v1
complete-q3-v1-electricity-20260823T0100Z,2026-08-23T01:00:00Z,439,kWh,PLANT-B,true,maverick-q3-2026-complete-v1
complete-q3-v1-electricity-20260823T0200Z,2026-08-23T02:00:00Z,439,kWh,PLANT-B,true,maverick-q3-2026-complete-v1
complete-q3-v1-electricity-20260823T0300Z,2026-08-23T03:00:00Z,439,kWh,PLANT-B,true,maverick-q3-2026-complete-v1
complete-q3-v1-electricity-20260823T0400Z,2026-08-23T04:00:00Z,439,kWh,PLANT-B,true,maverick-q3-2026-complete-v1
complete-q3-v1-electricity-20260823T0500Z,2026-08-23T05:00:00Z,439,kWh,PLANT-B,true,maverick-q3-2026-complete-v1
complete-q3-v1-electricity-20260823T0600Z,2026-08-23T06:00:00Z,439,kWh,PLANT-B,true,maverick-q3-2026-complete-v1
complete-q3-v1-electricity-20260823T0700Z,2026-08-23T07:00:00Z,499,kWh,PLANT-B,true,maverick-q3-2026-complete-v1
complete-q3-v1-electricity-20260823T0800Z,2026-08-23T08:00:00Z,499,kWh,PLANT-B,true,maverick-q3-2026-complete-v1
complete-q3-v1-electricity-20260823T0900Z,2026-08-23T09:00:00Z,499,kWh,PLANT-B,true,maverick-q3-2026-complete-v1
complete-q3-v1-electricity-20260823T1000Z,2026-08-23T10:00:00Z,499,kWh,PLANT-B,true,maverick-q3-2026-complete-v1
complete-q3-v1-electricity-20260823T1100Z,2026-08-23T11:00:00Z,499,kWh,PLANT-B,true,maverick-q3-2026-complete-v1
complete-q3-v1-electricity-20260823T1200Z,2026-08-23T12:00:00Z,499,kWh,PLANT-B,true,maverick-q3-2026-complete-v1
complete-q3-v1-electricity-20260823T1300Z,2026-08-23T13:00:00Z,499,kWh,PLANT-B,true,maverick-q3-2026-complete-v1
complete-q3-v1-electricity-20260823T1400Z,2026-08-23T14:00:00Z,499,kWh,PLANT-B,true,maverick-q3-2026-complete-v1
complete-q3-v1-electricity-20260823T1500Z,2026-08-23T15:00:00Z,499,kWh,PLANT-B,true,maverick-q3-2026-complete-v1
complete-q3-v1-electricity-20260823T1600Z,2026-08-23T16:00:00Z,499,kWh,PLANT-B,true,maverick-q3-2026-complete-v1
complete-q3-v1-electricity-20260823T1700Z,2026-08-23T17:00:00Z,499,kWh,PLANT-B,true,maverick-q3-2026-complete-v1
complete-q3-v1-electricity-20260823T1800Z,2026-08-23T18:00:00Z,499,kWh,PLANT-B,true,maverick-q3-2026-complete-v1
complete-q3-v1-electricity-20260823T1900Z,2026-08-23T19:00:00Z,439,kWh,PLANT-B,true,maverick-q3-2026-complete-v1
complete-q3-v1-electricity-20260823T2000Z,2026-08-23T20:00:00Z,439,kWh,PLANT-B,true,maverick-q3-2026-complete-v1
complete-q3-v1-electricity-20260823T2100Z,2026-08-23T21:00:00Z,439,kWh,PLANT-B,true,maverick-q3-2026-complete-v1
complete-q3-v1-electricity-20260823T2200Z,2026-08-23T22:00:00Z,439,kWh,PLANT-B,true,maverick-q3-2026-complete-v1
complete-q3-v1-electricity-20260823T2300Z,2026-08-23T23:00:00Z,439,kWh,PLANT-B,true,maverick-q3-2026-complete-v1
complete-q3-v1-electricity-20260824T0000Z,2026-08-24T00:00:00Z,484,kWh,PLANT-B,true,maverick-q3-2026-complete-v1
complete-q3-v1-electricity-20260824T0100Z,2026-08-24T01:00:00Z,484,kWh,PLANT-B,true,maverick-q3-2026-complete-v1
complete-q3-v1-electricity-20260824T0200Z,2026-08-24T02:00:00Z,484,kWh,PLANT-B,true,maverick-q3-2026-complete-v1
complete-q3-v1-electricity-20260824T0300Z,2026-08-24T03:00:00Z,484,kWh,PLANT-B,true,maverick-q3-2026-complete-v1
complete-q3-v1-electricity-20260824T0400Z,2026-08-24T04:00:00Z,484,kWh,PLANT-B,true,maverick-q3-2026-complete-v1
complete-q3-v1-electricity-20260824T0500Z,2026-08-24T05:00:00Z,484,kWh,PLANT-B,true,maverick-q3-2026-complete-v1
complete-q3-v1-electricity-20260824T0600Z,2026-08-24T06:00:00Z,484,kWh,PLANT-B,true,maverick-q3-2026-complete-v1
complete-q3-v1-electricity-20260824T0700Z,2026-08-24T07:00:00Z,544,kWh,PLANT-B,true,maverick-q3-2026-complete-v1
complete-q3-v1-electricity-20260824T0800Z,2026-08-24T08:00:00Z,544,kWh,PLANT-B,true,maverick-q3-2026-complete-v1
complete-q3-v1-electricity-20260824T0900Z,2026-08-24T09:00:00Z,544,kWh,PLANT-B,true,maverick-q3-2026-complete-v1
complete-q3-v1-electricity-20260824T1000Z,2026-08-24T10:00:00Z,544,kWh,PLANT-B,true,maverick-q3-2026-complete-v1
complete-q3-v1-electricity-20260824T1100Z,2026-08-24T11:00:00Z,544,kWh,PLANT-B,true,maverick-q3-2026-complete-v1
complete-q3-v1-electricity-20260824T1200Z,2026-08-24T12:00:00Z,544,kWh,PLANT-B,true,maverick-q3-2026-complete-v1
complete-q3-v1-electricity-20260824T1300Z,2026-08-24T13:00:00Z,544,kWh,PLANT-B,true,maverick-q3-2026-complete-v1
complete-q3-v1-electricity-20260824T1400Z,2026-08-24T14:00:00Z,544,kWh,PLANT-B,true,maverick-q3-2026-complete-v1
complete-q3-v1-electricity-20260824T1500Z,2026-08-24T15:00:00Z,544,kWh,PLANT-B,true,maverick-q3-2026-complete-v1
complete-q3-v1-electricity-20260824T1600Z,2026-08-24T16:00:00Z,544,kWh,PLANT-B,true,maverick-q3-2026-complete-v1
complete-q3-v1-electricity-20260824T1700Z,2026-08-24T17:00:00Z,544,kWh,PLANT-B,true,maverick-q3-2026-complete-v1
complete-q3-v1-electricity-20260824T1800Z,2026-08-24T18:00:00Z,544,kWh,PLANT-B,true,maverick-q3-2026-complete-v1
complete-q3-v1-electricity-20260824T1900Z,2026-08-24T19:00:00Z,484,kWh,PLANT-B,true,maverick-q3-2026-complete-v1
complete-q3-v1-electricity-20260824T2000Z,2026-08-24T20:00:00Z,484,kWh,PLANT-B,true,maverick-q3-2026-complete-v1
complete-q3-v1-electricity-20260824T2100Z,2026-08-24T21:00:00Z,484,kWh,PLANT-B,true,maverick-q3-2026-complete-v1
complete-q3-v1-electricity-20260824T2200Z,2026-08-24T22:00:00Z,484,kWh,PLANT-B,true,maverick-q3-2026-complete-v1
complete-q3-v1-electricity-20260824T2300Z,2026-08-24T23:00:00Z,484,kWh,PLANT-B,true,maverick-q3-2026-complete-v1
complete-q3-v1-electricity-20260825T0000Z,2026-08-25T00:00:00Z,487,kWh,PLANT-B,true,maverick-q3-2026-complete-v1
complete-q3-v1-electricity-20260825T0100Z,2026-08-25T01:00:00Z,487,kWh,PLANT-B,true,maverick-q3-2026-complete-v1
complete-q3-v1-electricity-20260825T0200Z,2026-08-25T02:00:00Z,487,kWh,PLANT-B,true,maverick-q3-2026-complete-v1
complete-q3-v1-electricity-20260825T0300Z,2026-08-25T03:00:00Z,487,kWh,PLANT-B,true,maverick-q3-2026-complete-v1
complete-q3-v1-electricity-20260825T0400Z,2026-08-25T04:00:00Z,487,kWh,PLANT-B,true,maverick-q3-2026-complete-v1
complete-q3-v1-electricity-20260825T0500Z,2026-08-25T05:00:00Z,487,kWh,PLANT-B,true,maverick-q3-2026-complete-v1
complete-q3-v1-electricity-20260825T0600Z,2026-08-25T06:00:00Z,487,kWh,PLANT-B,true,maverick-q3-2026-complete-v1
complete-q3-v1-electricity-20260825T0700Z,2026-08-25T07:00:00Z,547,kWh,PLANT-B,true,maverick-q3-2026-complete-v1
complete-q3-v1-electricity-20260825T0800Z,2026-08-25T08:00:00Z,547,kWh,PLANT-B,true,maverick-q3-2026-complete-v1
complete-q3-v1-electricity-20260825T0900Z,2026-08-25T09:00:00Z,547,kWh,PLANT-B,true,maverick-q3-2026-complete-v1
complete-q3-v1-electricity-20260825T1000Z,2026-08-25T10:00:00Z,547,kWh,PLANT-B,true,maverick-q3-2026-complete-v1
complete-q3-v1-electricity-20260825T1100Z,2026-08-25T11:00:00Z,547,kWh,PLANT-B,true,maverick-q3-2026-complete-v1
complete-q3-v1-electricity-20260825T1200Z,2026-08-25T12:00:00Z,547,kWh,PLANT-B,true,maverick-q3-2026-complete-v1
complete-q3-v1-electricity-20260825T1300Z,2026-08-25T13:00:00Z,547,kWh,PLANT-B,true,maverick-q3-2026-complete-v1
complete-q3-v1-electricity-20260825T1400Z,2026-08-25T14:00:00Z,547,kWh,PLANT-B,true,maverick-q3-2026-complete-v1
complete-q3-v1-electricity-20260825T1500Z,2026-08-25T15:00:00Z,547,kWh,PLANT-B,true,maverick-q3-2026-complete-v1
complete-q3-v1-electricity-20260825T1600Z,2026-08-25T16:00:00Z,547,kWh,PLANT-B,true,maverick-q3-2026-complete-v1
complete-q3-v1-electricity-20260825T1700Z,2026-08-25T17:00:00Z,547,kWh,PLANT-B,true,maverick-q3-2026-complete-v1
complete-q3-v1-electricity-20260825T1800Z,2026-08-25T18:00:00Z,547,kWh,PLANT-B,true,maverick-q3-2026-complete-v1
complete-q3-v1-electricity-20260825T1900Z,2026-08-25T19:00:00Z,487,kWh,PLANT-B,true,maverick-q3-2026-complete-v1
complete-q3-v1-electricity-20260825T2000Z,2026-08-25T20:00:00Z,487,kWh,PLANT-B,true,maverick-q3-2026-complete-v1
complete-q3-v1-electricity-20260825T2100Z,2026-08-25T21:00:00Z,487,kWh,PLANT-B,true,maverick-q3-2026-complete-v1
complete-q3-v1-electricity-20260825T2200Z,2026-08-25T22:00:00Z,487,kWh,PLANT-B,true,maverick-q3-2026-complete-v1
complete-q3-v1-electricity-20260825T2300Z,2026-08-25T23:00:00Z,487,kWh,PLANT-B,true,maverick-q3-2026-complete-v1
complete-q3-v1-electricity-20260826T0000Z,2026-08-26T00:00:00Z,490,kWh,PLANT-B,true,maverick-q3-2026-complete-v1
complete-q3-v1-electricity-20260826T0100Z,2026-08-26T01:00:00Z,490,kWh,PLANT-B,true,maverick-q3-2026-complete-v1
complete-q3-v1-electricity-20260826T0200Z,2026-08-26T02:00:00Z,490,kWh,PLANT-B,true,maverick-q3-2026-complete-v1
complete-q3-v1-electricity-20260826T0300Z,2026-08-26T03:00:00Z,490,kWh,PLANT-B,true,maverick-q3-2026-complete-v1
complete-q3-v1-electricity-20260826T0400Z,2026-08-26T04:00:00Z,490,kWh,PLANT-B,true,maverick-q3-2026-complete-v1
complete-q3-v1-electricity-20260826T0500Z,2026-08-26T05:00:00Z,490,kWh,PLANT-B,true,maverick-q3-2026-complete-v1
complete-q3-v1-electricity-20260826T0600Z,2026-08-26T06:00:00Z,490,kWh,PLANT-B,true,maverick-q3-2026-complete-v1
complete-q3-v1-electricity-20260826T0700Z,2026-08-26T07:00:00Z,550,kWh,PLANT-B,true,maverick-q3-2026-complete-v1
complete-q3-v1-electricity-20260826T0800Z,2026-08-26T08:00:00Z,550,kWh,PLANT-B,true,maverick-q3-2026-complete-v1
complete-q3-v1-electricity-20260826T0900Z,2026-08-26T09:00:00Z,550,kWh,PLANT-B,true,maverick-q3-2026-complete-v1
complete-q3-v1-electricity-20260826T1000Z,2026-08-26T10:00:00Z,550,kWh,PLANT-B,true,maverick-q3-2026-complete-v1
complete-q3-v1-electricity-20260826T1100Z,2026-08-26T11:00:00Z,550,kWh,PLANT-B,true,maverick-q3-2026-complete-v1
complete-q3-v1-electricity-20260826T1200Z,2026-08-26T12:00:00Z,550,kWh,PLANT-B,true,maverick-q3-2026-complete-v1
complete-q3-v1-electricity-20260826T1300Z,2026-08-26T13:00:00Z,550,kWh,PLANT-B,true,maverick-q3-2026-complete-v1
complete-q3-v1-electricity-20260826T1400Z,2026-08-26T14:00:00Z,550,kWh,PLANT-B,true,maverick-q3-2026-complete-v1
complete-q3-v1-electricity-20260826T1500Z,2026-08-26T15:00:00Z,550,kWh,PLANT-B,true,maverick-q3-2026-complete-v1
complete-q3-v1-electricity-20260826T1600Z,2026-08-26T16:00:00Z,550,kWh,PLANT-B,true,maverick-q3-2026-complete-v1
complete-q3-v1-electricity-20260826T1700Z,2026-08-26T17:00:00Z,550,kWh,PLANT-B,true,maverick-q3-2026-complete-v1
complete-q3-v1-electricity-20260826T1800Z,2026-08-26T18:00:00Z,550,kWh,PLANT-B,true,maverick-q3-2026-complete-v1
complete-q3-v1-electricity-20260826T1900Z,2026-08-26T19:00:00Z,490,kWh,PLANT-B,true,maverick-q3-2026-complete-v1
complete-q3-v1-electricity-20260826T2000Z,2026-08-26T20:00:00Z,490,kWh,PLANT-B,true,maverick-q3-2026-complete-v1
complete-q3-v1-electricity-20260826T2100Z,2026-08-26T21:00:00Z,490,kWh,PLANT-B,true,maverick-q3-2026-complete-v1
complete-q3-v1-electricity-20260826T2200Z,2026-08-26T22:00:00Z,490,kWh,PLANT-B,true,maverick-q3-2026-complete-v1
complete-q3-v1-electricity-20260826T2300Z,2026-08-26T23:00:00Z,490,kWh,PLANT-B,true,maverick-q3-2026-complete-v1
complete-q3-v1-electricity-20260827T0000Z,2026-08-27T00:00:00Z,493,kWh,PLANT-B,true,maverick-q3-2026-complete-v1
complete-q3-v1-electricity-20260827T0100Z,2026-08-27T01:00:00Z,493,kWh,PLANT-B,true,maverick-q3-2026-complete-v1
complete-q3-v1-electricity-20260827T0200Z,2026-08-27T02:00:00Z,493,kWh,PLANT-B,true,maverick-q3-2026-complete-v1
complete-q3-v1-electricity-20260827T0300Z,2026-08-27T03:00:00Z,493,kWh,PLANT-B,true,maverick-q3-2026-complete-v1
complete-q3-v1-electricity-20260827T0400Z,2026-08-27T04:00:00Z,493,kWh,PLANT-B,true,maverick-q3-2026-complete-v1
complete-q3-v1-electricity-20260827T0500Z,2026-08-27T05:00:00Z,493,kWh,PLANT-B,true,maverick-q3-2026-complete-v1
complete-q3-v1-electricity-20260827T0600Z,2026-08-27T06:00:00Z,493,kWh,PLANT-B,true,maverick-q3-2026-complete-v1
complete-q3-v1-electricity-20260827T0700Z,2026-08-27T07:00:00Z,553,kWh,PLANT-B,true,maverick-q3-2026-complete-v1
complete-q3-v1-electricity-20260827T0800Z,2026-08-27T08:00:00Z,553,kWh,PLANT-B,true,maverick-q3-2026-complete-v1
complete-q3-v1-electricity-20260827T0900Z,2026-08-27T09:00:00Z,553,kWh,PLANT-B,true,maverick-q3-2026-complete-v1
complete-q3-v1-electricity-20260827T1000Z,2026-08-27T10:00:00Z,553,kWh,PLANT-B,true,maverick-q3-2026-complete-v1
complete-q3-v1-electricity-20260827T1100Z,2026-08-27T11:00:00Z,553,kWh,PLANT-B,true,maverick-q3-2026-complete-v1
complete-q3-v1-electricity-20260827T1200Z,2026-08-27T12:00:00Z,553,kWh,PLANT-B,true,maverick-q3-2026-complete-v1
complete-q3-v1-electricity-20260827T1300Z,2026-08-27T13:00:00Z,553,kWh,PLANT-B,true,maverick-q3-2026-complete-v1
complete-q3-v1-electricity-20260827T1400Z,2026-08-27T14:00:00Z,553,kWh,PLANT-B,true,maverick-q3-2026-complete-v1
complete-q3-v1-electricity-20260827T1500Z,2026-08-27T15:00:00Z,553,kWh,PLANT-B,true,maverick-q3-2026-complete-v1
complete-q3-v1-electricity-20260827T1600Z,2026-08-27T16:00:00Z,553,kWh,PLANT-B,true,maverick-q3-2026-complete-v1
complete-q3-v1-electricity-20260827T1700Z,2026-08-27T17:00:00Z,553,kWh,PLANT-B,true,maverick-q3-2026-complete-v1
complete-q3-v1-electricity-20260827T1800Z,2026-08-27T18:00:00Z,553,kWh,PLANT-B,true,maverick-q3-2026-complete-v1
complete-q3-v1-electricity-20260827T1900Z,2026-08-27T19:00:00Z,493,kWh,PLANT-B,true,maverick-q3-2026-complete-v1
complete-q3-v1-electricity-20260827T2000Z,2026-08-27T20:00:00Z,493,kWh,PLANT-B,true,maverick-q3-2026-complete-v1
complete-q3-v1-electricity-20260827T2100Z,2026-08-27T21:00:00Z,493,kWh,PLANT-B,true,maverick-q3-2026-complete-v1
complete-q3-v1-electricity-20260827T2200Z,2026-08-27T22:00:00Z,493,kWh,PLANT-B,true,maverick-q3-2026-complete-v1
complete-q3-v1-electricity-20260827T2300Z,2026-08-27T23:00:00Z,493,kWh,PLANT-B,true,maverick-q3-2026-complete-v1
complete-q3-v1-electricity-20260828T0000Z,2026-08-28T00:00:00Z,496,kWh,PLANT-B,true,maverick-q3-2026-complete-v1
complete-q3-v1-electricity-20260828T0100Z,2026-08-28T01:00:00Z,496,kWh,PLANT-B,true,maverick-q3-2026-complete-v1
complete-q3-v1-electricity-20260828T0200Z,2026-08-28T02:00:00Z,496,kWh,PLANT-B,true,maverick-q3-2026-complete-v1
complete-q3-v1-electricity-20260828T0300Z,2026-08-28T03:00:00Z,496,kWh,PLANT-B,true,maverick-q3-2026-complete-v1
complete-q3-v1-electricity-20260828T0400Z,2026-08-28T04:00:00Z,496,kWh,PLANT-B,true,maverick-q3-2026-complete-v1
complete-q3-v1-electricity-20260828T0500Z,2026-08-28T05:00:00Z,496,kWh,PLANT-B,true,maverick-q3-2026-complete-v1
complete-q3-v1-electricity-20260828T0600Z,2026-08-28T06:00:00Z,496,kWh,PLANT-B,true,maverick-q3-2026-complete-v1
complete-q3-v1-electricity-20260828T0700Z,2026-08-28T07:00:00Z,556,kWh,PLANT-B,true,maverick-q3-2026-complete-v1
complete-q3-v1-electricity-20260828T0800Z,2026-08-28T08:00:00Z,556,kWh,PLANT-B,true,maverick-q3-2026-complete-v1
complete-q3-v1-electricity-20260828T0900Z,2026-08-28T09:00:00Z,556,kWh,PLANT-B,true,maverick-q3-2026-complete-v1
complete-q3-v1-electricity-20260828T1000Z,2026-08-28T10:00:00Z,556,kWh,PLANT-B,true,maverick-q3-2026-complete-v1
complete-q3-v1-electricity-20260828T1100Z,2026-08-28T11:00:00Z,556,kWh,PLANT-B,true,maverick-q3-2026-complete-v1
complete-q3-v1-electricity-20260828T1200Z,2026-08-28T12:00:00Z,556,kWh,PLANT-B,true,maverick-q3-2026-complete-v1
complete-q3-v1-electricity-20260828T1300Z,2026-08-28T13:00:00Z,556,kWh,PLANT-B,true,maverick-q3-2026-complete-v1
complete-q3-v1-electricity-20260828T1400Z,2026-08-28T14:00:00Z,556,kWh,PLANT-B,true,maverick-q3-2026-complete-v1
complete-q3-v1-electricity-20260828T1500Z,2026-08-28T15:00:00Z,556,kWh,PLANT-B,true,maverick-q3-2026-complete-v1
complete-q3-v1-electricity-20260828T1600Z,2026-08-28T16:00:00Z,556,kWh,PLANT-B,true,maverick-q3-2026-complete-v1
complete-q3-v1-electricity-20260828T1700Z,2026-08-28T17:00:00Z,556,kWh,PLANT-B,true,maverick-q3-2026-complete-v1
complete-q3-v1-electricity-20260828T1800Z,2026-08-28T18:00:00Z,556,kWh,PLANT-B,true,maverick-q3-2026-complete-v1
complete-q3-v1-electricity-20260828T1900Z,2026-08-28T19:00:00Z,496,kWh,PLANT-B,true,maverick-q3-2026-complete-v1
complete-q3-v1-electricity-20260828T2000Z,2026-08-28T20:00:00Z,496,kWh,PLANT-B,true,maverick-q3-2026-complete-v1
complete-q3-v1-electricity-20260828T2100Z,2026-08-28T21:00:00Z,496,kWh,PLANT-B,true,maverick-q3-2026-complete-v1
complete-q3-v1-electricity-20260828T2200Z,2026-08-28T22:00:00Z,496,kWh,PLANT-B,true,maverick-q3-2026-complete-v1
complete-q3-v1-electricity-20260828T2300Z,2026-08-28T23:00:00Z,496,kWh,PLANT-B,true,maverick-q3-2026-complete-v1
complete-q3-v1-electricity-20260829T0000Z,2026-08-29T00:00:00Z,457,kWh,PLANT-B,true,maverick-q3-2026-complete-v1
complete-q3-v1-electricity-20260829T0100Z,2026-08-29T01:00:00Z,457,kWh,PLANT-B,true,maverick-q3-2026-complete-v1
complete-q3-v1-electricity-20260829T0200Z,2026-08-29T02:00:00Z,457,kWh,PLANT-B,true,maverick-q3-2026-complete-v1
complete-q3-v1-electricity-20260829T0300Z,2026-08-29T03:00:00Z,457,kWh,PLANT-B,true,maverick-q3-2026-complete-v1
complete-q3-v1-electricity-20260829T0400Z,2026-08-29T04:00:00Z,457,kWh,PLANT-B,true,maverick-q3-2026-complete-v1
complete-q3-v1-electricity-20260829T0500Z,2026-08-29T05:00:00Z,457,kWh,PLANT-B,true,maverick-q3-2026-complete-v1
complete-q3-v1-electricity-20260829T0600Z,2026-08-29T06:00:00Z,457,kWh,PLANT-B,true,maverick-q3-2026-complete-v1
complete-q3-v1-electricity-20260829T0700Z,2026-08-29T07:00:00Z,517,kWh,PLANT-B,true,maverick-q3-2026-complete-v1
complete-q3-v1-electricity-20260829T0800Z,2026-08-29T08:00:00Z,517,kWh,PLANT-B,true,maverick-q3-2026-complete-v1
complete-q3-v1-electricity-20260829T0900Z,2026-08-29T09:00:00Z,517,kWh,PLANT-B,true,maverick-q3-2026-complete-v1
complete-q3-v1-electricity-20260829T1000Z,2026-08-29T10:00:00Z,517,kWh,PLANT-B,true,maverick-q3-2026-complete-v1
complete-q3-v1-electricity-20260829T1100Z,2026-08-29T11:00:00Z,517,kWh,PLANT-B,true,maverick-q3-2026-complete-v1
complete-q3-v1-electricity-20260829T1200Z,2026-08-29T12:00:00Z,517,kWh,PLANT-B,true,maverick-q3-2026-complete-v1
complete-q3-v1-electricity-20260829T1300Z,2026-08-29T13:00:00Z,517,kWh,PLANT-B,true,maverick-q3-2026-complete-v1
complete-q3-v1-electricity-20260829T1400Z,2026-08-29T14:00:00Z,517,kWh,PLANT-B,true,maverick-q3-2026-complete-v1
complete-q3-v1-electricity-20260829T1500Z,2026-08-29T15:00:00Z,517,kWh,PLANT-B,true,maverick-q3-2026-complete-v1
complete-q3-v1-electricity-20260829T1600Z,2026-08-29T16:00:00Z,517,kWh,PLANT-B,true,maverick-q3-2026-complete-v1
complete-q3-v1-electricity-20260829T1700Z,2026-08-29T17:00:00Z,517,kWh,PLANT-B,true,maverick-q3-2026-complete-v1
complete-q3-v1-electricity-20260829T1800Z,2026-08-29T18:00:00Z,517,kWh,PLANT-B,true,maverick-q3-2026-complete-v1
complete-q3-v1-electricity-20260829T1900Z,2026-08-29T19:00:00Z,457,kWh,PLANT-B,true,maverick-q3-2026-complete-v1
complete-q3-v1-electricity-20260829T2000Z,2026-08-29T20:00:00Z,457,kWh,PLANT-B,true,maverick-q3-2026-complete-v1
complete-q3-v1-electricity-20260829T2100Z,2026-08-29T21:00:00Z,457,kWh,PLANT-B,true,maverick-q3-2026-complete-v1
complete-q3-v1-electricity-20260829T2200Z,2026-08-29T22:00:00Z,457,kWh,PLANT-B,true,maverick-q3-2026-complete-v1
complete-q3-v1-electricity-20260829T2300Z,2026-08-29T23:00:00Z,457,kWh,PLANT-B,true,maverick-q3-2026-complete-v1
complete-q3-v1-electricity-20260830T0000Z,2026-08-30T00:00:00Z,427,kWh,PLANT-B,true,maverick-q3-2026-complete-v1
complete-q3-v1-electricity-20260830T0100Z,2026-08-30T01:00:00Z,427,kWh,PLANT-B,true,maverick-q3-2026-complete-v1
complete-q3-v1-electricity-20260830T0200Z,2026-08-30T02:00:00Z,427,kWh,PLANT-B,true,maverick-q3-2026-complete-v1
complete-q3-v1-electricity-20260830T0300Z,2026-08-30T03:00:00Z,427,kWh,PLANT-B,true,maverick-q3-2026-complete-v1
complete-q3-v1-electricity-20260830T0400Z,2026-08-30T04:00:00Z,427,kWh,PLANT-B,true,maverick-q3-2026-complete-v1
complete-q3-v1-electricity-20260830T0500Z,2026-08-30T05:00:00Z,427,kWh,PLANT-B,true,maverick-q3-2026-complete-v1
complete-q3-v1-electricity-20260830T0600Z,2026-08-30T06:00:00Z,427,kWh,PLANT-B,true,maverick-q3-2026-complete-v1
complete-q3-v1-electricity-20260830T0700Z,2026-08-30T07:00:00Z,487,kWh,PLANT-B,true,maverick-q3-2026-complete-v1
complete-q3-v1-electricity-20260830T0800Z,2026-08-30T08:00:00Z,487,kWh,PLANT-B,true,maverick-q3-2026-complete-v1
complete-q3-v1-electricity-20260830T0900Z,2026-08-30T09:00:00Z,487,kWh,PLANT-B,true,maverick-q3-2026-complete-v1
complete-q3-v1-electricity-20260830T1000Z,2026-08-30T10:00:00Z,487,kWh,PLANT-B,true,maverick-q3-2026-complete-v1
complete-q3-v1-electricity-20260830T1100Z,2026-08-30T11:00:00Z,487,kWh,PLANT-B,true,maverick-q3-2026-complete-v1
complete-q3-v1-electricity-20260830T1200Z,2026-08-30T12:00:00Z,487,kWh,PLANT-B,true,maverick-q3-2026-complete-v1
complete-q3-v1-electricity-20260830T1300Z,2026-08-30T13:00:00Z,487,kWh,PLANT-B,true,maverick-q3-2026-complete-v1
complete-q3-v1-electricity-20260830T1400Z,2026-08-30T14:00:00Z,487,kWh,PLANT-B,true,maverick-q3-2026-complete-v1
complete-q3-v1-electricity-20260830T1500Z,2026-08-30T15:00:00Z,487,kWh,PLANT-B,true,maverick-q3-2026-complete-v1
complete-q3-v1-electricity-20260830T1600Z,2026-08-30T16:00:00Z,487,kWh,PLANT-B,true,maverick-q3-2026-complete-v1
complete-q3-v1-electricity-20260830T1700Z,2026-08-30T17:00:00Z,487,kWh,PLANT-B,true,maverick-q3-2026-complete-v1
complete-q3-v1-electricity-20260830T1800Z,2026-08-30T18:00:00Z,487,kWh,PLANT-B,true,maverick-q3-2026-complete-v1
complete-q3-v1-electricity-20260830T1900Z,2026-08-30T19:00:00Z,427,kWh,PLANT-B,true,maverick-q3-2026-complete-v1
complete-q3-v1-electricity-20260830T2000Z,2026-08-30T20:00:00Z,427,kWh,PLANT-B,true,maverick-q3-2026-complete-v1
complete-q3-v1-electricity-20260830T2100Z,2026-08-30T21:00:00Z,427,kWh,PLANT-B,true,maverick-q3-2026-complete-v1
complete-q3-v1-electricity-20260830T2200Z,2026-08-30T22:00:00Z,427,kWh,PLANT-B,true,maverick-q3-2026-complete-v1
complete-q3-v1-electricity-20260830T2300Z,2026-08-30T23:00:00Z,427,kWh,PLANT-B,true,maverick-q3-2026-complete-v1
complete-q3-v1-electricity-20260831T0000Z,2026-08-31T00:00:00Z,472,kWh,PLANT-B,true,maverick-q3-2026-complete-v1
complete-q3-v1-electricity-20260831T0100Z,2026-08-31T01:00:00Z,472,kWh,PLANT-B,true,maverick-q3-2026-complete-v1
complete-q3-v1-electricity-20260831T0200Z,2026-08-31T02:00:00Z,472,kWh,PLANT-B,true,maverick-q3-2026-complete-v1
complete-q3-v1-electricity-20260831T0300Z,2026-08-31T03:00:00Z,472,kWh,PLANT-B,true,maverick-q3-2026-complete-v1
complete-q3-v1-electricity-20260831T0400Z,2026-08-31T04:00:00Z,472,kWh,PLANT-B,true,maverick-q3-2026-complete-v1
complete-q3-v1-electricity-20260831T0500Z,2026-08-31T05:00:00Z,472,kWh,PLANT-B,true,maverick-q3-2026-complete-v1
complete-q3-v1-electricity-20260831T0600Z,2026-08-31T06:00:00Z,472,kWh,PLANT-B,true,maverick-q3-2026-complete-v1
complete-q3-v1-electricity-20260831T0700Z,2026-08-31T07:00:00Z,532,kWh,PLANT-B,true,maverick-q3-2026-complete-v1
complete-q3-v1-electricity-20260831T0800Z,2026-08-31T08:00:00Z,532,kWh,PLANT-B,true,maverick-q3-2026-complete-v1
complete-q3-v1-electricity-20260831T0900Z,2026-08-31T09:00:00Z,532,kWh,PLANT-B,true,maverick-q3-2026-complete-v1
complete-q3-v1-electricity-20260831T1000Z,2026-08-31T10:00:00Z,532,kWh,PLANT-B,true,maverick-q3-2026-complete-v1
complete-q3-v1-electricity-20260831T1100Z,2026-08-31T11:00:00Z,532,kWh,PLANT-B,true,maverick-q3-2026-complete-v1
complete-q3-v1-electricity-20260831T1200Z,2026-08-31T12:00:00Z,532,kWh,PLANT-B,true,maverick-q3-2026-complete-v1
complete-q3-v1-electricity-20260831T1300Z,2026-08-31T13:00:00Z,532,kWh,PLANT-B,true,maverick-q3-2026-complete-v1
complete-q3-v1-electricity-20260831T1400Z,2026-08-31T14:00:00Z,532,kWh,PLANT-B,true,maverick-q3-2026-complete-v1
complete-q3-v1-electricity-20260831T1500Z,2026-08-31T15:00:00Z,532,kWh,PLANT-B,true,maverick-q3-2026-complete-v1
complete-q3-v1-electricity-20260831T1600Z,2026-08-31T16:00:00Z,532,kWh,PLANT-B,true,maverick-q3-2026-complete-v1
complete-q3-v1-electricity-20260831T1700Z,2026-08-31T17:00:00Z,532,kWh,PLANT-B,true,maverick-q3-2026-complete-v1
complete-q3-v1-electricity-20260831T1800Z,2026-08-31T18:00:00Z,532,kWh,PLANT-B,true,maverick-q3-2026-complete-v1
complete-q3-v1-electricity-20260831T1900Z,2026-08-31T19:00:00Z,472,kWh,PLANT-B,true,maverick-q3-2026-complete-v1
complete-q3-v1-electricity-20260831T2000Z,2026-08-31T20:00:00Z,472,kWh,PLANT-B,true,maverick-q3-2026-complete-v1
complete-q3-v1-electricity-20260831T2100Z,2026-08-31T21:00:00Z,472,kWh,PLANT-B,true,maverick-q3-2026-complete-v1
complete-q3-v1-electricity-20260831T2200Z,2026-08-31T22:00:00Z,472,kWh,PLANT-B,true,maverick-q3-2026-complete-v1
complete-q3-v1-electricity-20260831T2300Z,2026-08-31T23:00:00Z,472,kWh,PLANT-B,true,maverick-q3-2026-complete-v1
complete-q3-v1-electricity-20260901T0000Z,2026-09-01T00:00:00Z,475,kWh,PLANT-B,true,maverick-q3-2026-complete-v1
complete-q3-v1-electricity-20260901T0100Z,2026-09-01T01:00:00Z,475,kWh,PLANT-B,true,maverick-q3-2026-complete-v1
complete-q3-v1-electricity-20260901T0200Z,2026-09-01T02:00:00Z,475,kWh,PLANT-B,true,maverick-q3-2026-complete-v1
complete-q3-v1-electricity-20260901T0300Z,2026-09-01T03:00:00Z,475,kWh,PLANT-B,true,maverick-q3-2026-complete-v1
complete-q3-v1-electricity-20260901T0400Z,2026-09-01T04:00:00Z,475,kWh,PLANT-B,true,maverick-q3-2026-complete-v1
complete-q3-v1-electricity-20260901T0500Z,2026-09-01T05:00:00Z,475,kWh,PLANT-B,true,maverick-q3-2026-complete-v1
complete-q3-v1-electricity-20260901T0600Z,2026-09-01T06:00:00Z,475,kWh,PLANT-B,true,maverick-q3-2026-complete-v1
complete-q3-v1-electricity-20260901T0700Z,2026-09-01T07:00:00Z,535,kWh,PLANT-B,true,maverick-q3-2026-complete-v1
complete-q3-v1-electricity-20260901T0800Z,2026-09-01T08:00:00Z,535,kWh,PLANT-B,true,maverick-q3-2026-complete-v1
complete-q3-v1-electricity-20260901T0900Z,2026-09-01T09:00:00Z,535,kWh,PLANT-B,true,maverick-q3-2026-complete-v1
complete-q3-v1-electricity-20260901T1000Z,2026-09-01T10:00:00Z,535,kWh,PLANT-B,true,maverick-q3-2026-complete-v1
complete-q3-v1-electricity-20260901T1100Z,2026-09-01T11:00:00Z,535,kWh,PLANT-B,true,maverick-q3-2026-complete-v1
complete-q3-v1-electricity-20260901T1200Z,2026-09-01T12:00:00Z,535,kWh,PLANT-B,true,maverick-q3-2026-complete-v1
complete-q3-v1-electricity-20260901T1300Z,2026-09-01T13:00:00Z,535,kWh,PLANT-B,true,maverick-q3-2026-complete-v1
complete-q3-v1-electricity-20260901T1400Z,2026-09-01T14:00:00Z,535,kWh,PLANT-B,true,maverick-q3-2026-complete-v1
complete-q3-v1-electricity-20260901T1500Z,2026-09-01T15:00:00Z,535,kWh,PLANT-B,true,maverick-q3-2026-complete-v1
complete-q3-v1-electricity-20260901T1600Z,2026-09-01T16:00:00Z,535,kWh,PLANT-B,true,maverick-q3-2026-complete-v1
complete-q3-v1-electricity-20260901T1700Z,2026-09-01T17:00:00Z,535,kWh,PLANT-B,true,maverick-q3-2026-complete-v1
complete-q3-v1-electricity-20260901T1800Z,2026-09-01T18:00:00Z,535,kWh,PLANT-B,true,maverick-q3-2026-complete-v1
complete-q3-v1-electricity-20260901T1900Z,2026-09-01T19:00:00Z,475,kWh,PLANT-B,true,maverick-q3-2026-complete-v1
complete-q3-v1-electricity-20260901T2000Z,2026-09-01T20:00:00Z,475,kWh,PLANT-B,true,maverick-q3-2026-complete-v1
complete-q3-v1-electricity-20260901T2100Z,2026-09-01T21:00:00Z,475,kWh,PLANT-B,true,maverick-q3-2026-complete-v1
complete-q3-v1-electricity-20260901T2200Z,2026-09-01T22:00:00Z,475,kWh,PLANT-B,true,maverick-q3-2026-complete-v1
complete-q3-v1-electricity-20260901T2300Z,2026-09-01T23:00:00Z,475,kWh,PLANT-B,true,maverick-q3-2026-complete-v1
complete-q3-v1-electricity-20260902T0000Z,2026-09-02T00:00:00Z,478,kWh,PLANT-B,true,maverick-q3-2026-complete-v1
complete-q3-v1-electricity-20260902T0100Z,2026-09-02T01:00:00Z,478,kWh,PLANT-B,true,maverick-q3-2026-complete-v1
complete-q3-v1-electricity-20260902T0200Z,2026-09-02T02:00:00Z,478,kWh,PLANT-B,true,maverick-q3-2026-complete-v1
complete-q3-v1-electricity-20260902T0300Z,2026-09-02T03:00:00Z,478,kWh,PLANT-B,true,maverick-q3-2026-complete-v1
complete-q3-v1-electricity-20260902T0400Z,2026-09-02T04:00:00Z,478,kWh,PLANT-B,true,maverick-q3-2026-complete-v1
complete-q3-v1-electricity-20260902T0500Z,2026-09-02T05:00:00Z,478,kWh,PLANT-B,true,maverick-q3-2026-complete-v1
complete-q3-v1-electricity-20260902T0600Z,2026-09-02T06:00:00Z,478,kWh,PLANT-B,true,maverick-q3-2026-complete-v1
complete-q3-v1-electricity-20260902T0700Z,2026-09-02T07:00:00Z,538,kWh,PLANT-B,true,maverick-q3-2026-complete-v1
complete-q3-v1-electricity-20260902T0800Z,2026-09-02T08:00:00Z,538,kWh,PLANT-B,true,maverick-q3-2026-complete-v1
complete-q3-v1-electricity-20260902T0900Z,2026-09-02T09:00:00Z,538,kWh,PLANT-B,true,maverick-q3-2026-complete-v1
complete-q3-v1-electricity-20260902T1000Z,2026-09-02T10:00:00Z,538,kWh,PLANT-B,true,maverick-q3-2026-complete-v1
complete-q3-v1-electricity-20260902T1100Z,2026-09-02T11:00:00Z,538,kWh,PLANT-B,true,maverick-q3-2026-complete-v1
complete-q3-v1-electricity-20260902T1200Z,2026-09-02T12:00:00Z,538,kWh,PLANT-B,true,maverick-q3-2026-complete-v1
complete-q3-v1-electricity-20260902T1300Z,2026-09-02T13:00:00Z,538,kWh,PLANT-B,true,maverick-q3-2026-complete-v1
complete-q3-v1-electricity-20260902T1400Z,2026-09-02T14:00:00Z,538,kWh,PLANT-B,true,maverick-q3-2026-complete-v1
complete-q3-v1-electricity-20260902T1500Z,2026-09-02T15:00:00Z,538,kWh,PLANT-B,true,maverick-q3-2026-complete-v1
complete-q3-v1-electricity-20260902T1600Z,2026-09-02T16:00:00Z,538,kWh,PLANT-B,true,maverick-q3-2026-complete-v1
complete-q3-v1-electricity-20260902T1700Z,2026-09-02T17:00:00Z,538,kWh,PLANT-B,true,maverick-q3-2026-complete-v1
complete-q3-v1-electricity-20260902T1800Z,2026-09-02T18:00:00Z,538,kWh,PLANT-B,true,maverick-q3-2026-complete-v1
complete-q3-v1-electricity-20260902T1900Z,2026-09-02T19:00:00Z,478,kWh,PLANT-B,true,maverick-q3-2026-complete-v1
complete-q3-v1-electricity-20260902T2000Z,2026-09-02T20:00:00Z,478,kWh,PLANT-B,true,maverick-q3-2026-complete-v1
complete-q3-v1-electricity-20260902T2100Z,2026-09-02T21:00:00Z,478,kWh,PLANT-B,true,maverick-q3-2026-complete-v1
complete-q3-v1-electricity-20260902T2200Z,2026-09-02T22:00:00Z,478,kWh,PLANT-B,true,maverick-q3-2026-complete-v1
complete-q3-v1-electricity-20260902T2300Z,2026-09-02T23:00:00Z,478,kWh,PLANT-B,true,maverick-q3-2026-complete-v1
complete-q3-v1-electricity-20260903T0000Z,2026-09-03T00:00:00Z,481,kWh,PLANT-B,true,maverick-q3-2026-complete-v1
complete-q3-v1-electricity-20260903T0100Z,2026-09-03T01:00:00Z,481,kWh,PLANT-B,true,maverick-q3-2026-complete-v1
complete-q3-v1-electricity-20260903T0200Z,2026-09-03T02:00:00Z,481,kWh,PLANT-B,true,maverick-q3-2026-complete-v1
complete-q3-v1-electricity-20260903T0300Z,2026-09-03T03:00:00Z,481,kWh,PLANT-B,true,maverick-q3-2026-complete-v1
complete-q3-v1-electricity-20260903T0400Z,2026-09-03T04:00:00Z,481,kWh,PLANT-B,true,maverick-q3-2026-complete-v1
complete-q3-v1-electricity-20260903T0500Z,2026-09-03T05:00:00Z,481,kWh,PLANT-B,true,maverick-q3-2026-complete-v1
complete-q3-v1-electricity-20260903T0600Z,2026-09-03T06:00:00Z,481,kWh,PLANT-B,true,maverick-q3-2026-complete-v1
complete-q3-v1-electricity-20260903T0700Z,2026-09-03T07:00:00Z,541,kWh,PLANT-B,true,maverick-q3-2026-complete-v1
complete-q3-v1-electricity-20260903T0800Z,2026-09-03T08:00:00Z,541,kWh,PLANT-B,true,maverick-q3-2026-complete-v1
complete-q3-v1-electricity-20260903T0900Z,2026-09-03T09:00:00Z,541,kWh,PLANT-B,true,maverick-q3-2026-complete-v1
complete-q3-v1-electricity-20260903T1000Z,2026-09-03T10:00:00Z,541,kWh,PLANT-B,true,maverick-q3-2026-complete-v1
complete-q3-v1-electricity-20260903T1100Z,2026-09-03T11:00:00Z,541,kWh,PLANT-B,true,maverick-q3-2026-complete-v1
complete-q3-v1-electricity-20260903T1200Z,2026-09-03T12:00:00Z,541,kWh,PLANT-B,true,maverick-q3-2026-complete-v1
complete-q3-v1-electricity-20260903T1300Z,2026-09-03T13:00:00Z,541,kWh,PLANT-B,true,maverick-q3-2026-complete-v1
complete-q3-v1-electricity-20260903T1400Z,2026-09-03T14:00:00Z,541,kWh,PLANT-B,true,maverick-q3-2026-complete-v1
complete-q3-v1-electricity-20260903T1500Z,2026-09-03T15:00:00Z,541,kWh,PLANT-B,true,maverick-q3-2026-complete-v1
complete-q3-v1-electricity-20260903T1600Z,2026-09-03T16:00:00Z,541,kWh,PLANT-B,true,maverick-q3-2026-complete-v1
complete-q3-v1-electricity-20260903T1700Z,2026-09-03T17:00:00Z,541,kWh,PLANT-B,true,maverick-q3-2026-complete-v1
complete-q3-v1-electricity-20260903T1800Z,2026-09-03T18:00:00Z,541,kWh,PLANT-B,true,maverick-q3-2026-complete-v1
complete-q3-v1-electricity-20260903T1900Z,2026-09-03T19:00:00Z,481,kWh,PLANT-B,true,maverick-q3-2026-complete-v1
complete-q3-v1-electricity-20260903T2000Z,2026-09-03T20:00:00Z,481,kWh,PLANT-B,true,maverick-q3-2026-complete-v1
complete-q3-v1-electricity-20260903T2100Z,2026-09-03T21:00:00Z,481,kWh,PLANT-B,true,maverick-q3-2026-complete-v1
complete-q3-v1-electricity-20260903T2200Z,2026-09-03T22:00:00Z,481,kWh,PLANT-B,true,maverick-q3-2026-complete-v1
complete-q3-v1-electricity-20260903T2300Z,2026-09-03T23:00:00Z,481,kWh,PLANT-B,true,maverick-q3-2026-complete-v1
complete-q3-v1-electricity-20260904T0000Z,2026-09-04T00:00:00Z,484,kWh,PLANT-B,true,maverick-q3-2026-complete-v1
complete-q3-v1-electricity-20260904T0100Z,2026-09-04T01:00:00Z,484,kWh,PLANT-B,true,maverick-q3-2026-complete-v1
complete-q3-v1-electricity-20260904T0200Z,2026-09-04T02:00:00Z,484,kWh,PLANT-B,true,maverick-q3-2026-complete-v1
complete-q3-v1-electricity-20260904T0300Z,2026-09-04T03:00:00Z,484,kWh,PLANT-B,true,maverick-q3-2026-complete-v1
complete-q3-v1-electricity-20260904T0400Z,2026-09-04T04:00:00Z,484,kWh,PLANT-B,true,maverick-q3-2026-complete-v1
complete-q3-v1-electricity-20260904T0500Z,2026-09-04T05:00:00Z,484,kWh,PLANT-B,true,maverick-q3-2026-complete-v1
complete-q3-v1-electricity-20260904T0600Z,2026-09-04T06:00:00Z,484,kWh,PLANT-B,true,maverick-q3-2026-complete-v1
complete-q3-v1-electricity-20260904T0700Z,2026-09-04T07:00:00Z,544,kWh,PLANT-B,true,maverick-q3-2026-complete-v1
complete-q3-v1-electricity-20260904T0800Z,2026-09-04T08:00:00Z,544,kWh,PLANT-B,true,maverick-q3-2026-complete-v1
complete-q3-v1-electricity-20260904T0900Z,2026-09-04T09:00:00Z,544,kWh,PLANT-B,true,maverick-q3-2026-complete-v1
complete-q3-v1-electricity-20260904T1000Z,2026-09-04T10:00:00Z,544,kWh,PLANT-B,true,maverick-q3-2026-complete-v1
complete-q3-v1-electricity-20260904T1100Z,2026-09-04T11:00:00Z,544,kWh,PLANT-B,true,maverick-q3-2026-complete-v1
complete-q3-v1-electricity-20260904T1200Z,2026-09-04T12:00:00Z,544,kWh,PLANT-B,true,maverick-q3-2026-complete-v1
complete-q3-v1-electricity-20260904T1300Z,2026-09-04T13:00:00Z,544,kWh,PLANT-B,true,maverick-q3-2026-complete-v1
complete-q3-v1-electricity-20260904T1400Z,2026-09-04T14:00:00Z,544,kWh,PLANT-B,true,maverick-q3-2026-complete-v1
complete-q3-v1-electricity-20260904T1500Z,2026-09-04T15:00:00Z,544,kWh,PLANT-B,true,maverick-q3-2026-complete-v1
complete-q3-v1-electricity-20260904T1600Z,2026-09-04T16:00:00Z,544,kWh,PLANT-B,true,maverick-q3-2026-complete-v1
complete-q3-v1-electricity-20260904T1700Z,2026-09-04T17:00:00Z,544,kWh,PLANT-B,true,maverick-q3-2026-complete-v1
complete-q3-v1-electricity-20260904T1800Z,2026-09-04T18:00:00Z,544,kWh,PLANT-B,true,maverick-q3-2026-complete-v1
complete-q3-v1-electricity-20260904T1900Z,2026-09-04T19:00:00Z,484,kWh,PLANT-B,true,maverick-q3-2026-complete-v1
complete-q3-v1-electricity-20260904T2000Z,2026-09-04T20:00:00Z,484,kWh,PLANT-B,true,maverick-q3-2026-complete-v1
complete-q3-v1-electricity-20260904T2100Z,2026-09-04T21:00:00Z,484,kWh,PLANT-B,true,maverick-q3-2026-complete-v1
complete-q3-v1-electricity-20260904T2200Z,2026-09-04T22:00:00Z,484,kWh,PLANT-B,true,maverick-q3-2026-complete-v1
complete-q3-v1-electricity-20260904T2300Z,2026-09-04T23:00:00Z,484,kWh,PLANT-B,true,maverick-q3-2026-complete-v1
complete-q3-v1-electricity-20260905T0000Z,2026-09-05T00:00:00Z,445,kWh,PLANT-B,true,maverick-q3-2026-complete-v1
complete-q3-v1-electricity-20260905T0100Z,2026-09-05T01:00:00Z,445,kWh,PLANT-B,true,maverick-q3-2026-complete-v1
complete-q3-v1-electricity-20260905T0200Z,2026-09-05T02:00:00Z,445,kWh,PLANT-B,true,maverick-q3-2026-complete-v1
complete-q3-v1-electricity-20260905T0300Z,2026-09-05T03:00:00Z,445,kWh,PLANT-B,true,maverick-q3-2026-complete-v1
complete-q3-v1-electricity-20260905T0400Z,2026-09-05T04:00:00Z,445,kWh,PLANT-B,true,maverick-q3-2026-complete-v1
complete-q3-v1-electricity-20260905T0500Z,2026-09-05T05:00:00Z,445,kWh,PLANT-B,true,maverick-q3-2026-complete-v1
complete-q3-v1-electricity-20260905T0600Z,2026-09-05T06:00:00Z,445,kWh,PLANT-B,true,maverick-q3-2026-complete-v1
complete-q3-v1-electricity-20260905T0700Z,2026-09-05T07:00:00Z,505,kWh,PLANT-B,true,maverick-q3-2026-complete-v1
complete-q3-v1-electricity-20260905T0800Z,2026-09-05T08:00:00Z,505,kWh,PLANT-B,true,maverick-q3-2026-complete-v1
complete-q3-v1-electricity-20260905T0900Z,2026-09-05T09:00:00Z,505,kWh,PLANT-B,true,maverick-q3-2026-complete-v1
complete-q3-v1-electricity-20260905T1000Z,2026-09-05T10:00:00Z,505,kWh,PLANT-B,true,maverick-q3-2026-complete-v1
complete-q3-v1-electricity-20260905T1100Z,2026-09-05T11:00:00Z,505,kWh,PLANT-B,true,maverick-q3-2026-complete-v1
complete-q3-v1-electricity-20260905T1200Z,2026-09-05T12:00:00Z,505,kWh,PLANT-B,true,maverick-q3-2026-complete-v1
complete-q3-v1-electricity-20260905T1300Z,2026-09-05T13:00:00Z,505,kWh,PLANT-B,true,maverick-q3-2026-complete-v1
complete-q3-v1-electricity-20260905T1400Z,2026-09-05T14:00:00Z,505,kWh,PLANT-B,true,maverick-q3-2026-complete-v1
complete-q3-v1-electricity-20260905T1500Z,2026-09-05T15:00:00Z,505,kWh,PLANT-B,true,maverick-q3-2026-complete-v1
complete-q3-v1-electricity-20260905T1600Z,2026-09-05T16:00:00Z,505,kWh,PLANT-B,true,maverick-q3-2026-complete-v1
complete-q3-v1-electricity-20260905T1700Z,2026-09-05T17:00:00Z,505,kWh,PLANT-B,true,maverick-q3-2026-complete-v1
complete-q3-v1-electricity-20260905T1800Z,2026-09-05T18:00:00Z,505,kWh,PLANT-B,true,maverick-q3-2026-complete-v1
complete-q3-v1-electricity-20260905T1900Z,2026-09-05T19:00:00Z,445,kWh,PLANT-B,true,maverick-q3-2026-complete-v1
complete-q3-v1-electricity-20260905T2000Z,2026-09-05T20:00:00Z,445,kWh,PLANT-B,true,maverick-q3-2026-complete-v1
complete-q3-v1-electricity-20260905T2100Z,2026-09-05T21:00:00Z,445,kWh,PLANT-B,true,maverick-q3-2026-complete-v1
complete-q3-v1-electricity-20260905T2200Z,2026-09-05T22:00:00Z,445,kWh,PLANT-B,true,maverick-q3-2026-complete-v1
complete-q3-v1-electricity-20260905T2300Z,2026-09-05T23:00:00Z,445,kWh,PLANT-B,true,maverick-q3-2026-complete-v1
complete-q3-v1-electricity-20260906T0000Z,2026-09-06T00:00:00Z,448,kWh,PLANT-B,true,maverick-q3-2026-complete-v1
complete-q3-v1-electricity-20260906T0100Z,2026-09-06T01:00:00Z,448,kWh,PLANT-B,true,maverick-q3-2026-complete-v1
complete-q3-v1-electricity-20260906T0200Z,2026-09-06T02:00:00Z,448,kWh,PLANT-B,true,maverick-q3-2026-complete-v1
complete-q3-v1-electricity-20260906T0300Z,2026-09-06T03:00:00Z,448,kWh,PLANT-B,true,maverick-q3-2026-complete-v1
complete-q3-v1-electricity-20260906T0400Z,2026-09-06T04:00:00Z,448,kWh,PLANT-B,true,maverick-q3-2026-complete-v1
complete-q3-v1-electricity-20260906T0500Z,2026-09-06T05:00:00Z,448,kWh,PLANT-B,true,maverick-q3-2026-complete-v1
complete-q3-v1-electricity-20260906T0600Z,2026-09-06T06:00:00Z,448,kWh,PLANT-B,true,maverick-q3-2026-complete-v1
complete-q3-v1-electricity-20260906T0700Z,2026-09-06T07:00:00Z,508,kWh,PLANT-B,true,maverick-q3-2026-complete-v1
complete-q3-v1-electricity-20260906T0800Z,2026-09-06T08:00:00Z,508,kWh,PLANT-B,true,maverick-q3-2026-complete-v1
complete-q3-v1-electricity-20260906T0900Z,2026-09-06T09:00:00Z,508,kWh,PLANT-B,true,maverick-q3-2026-complete-v1
complete-q3-v1-electricity-20260906T1000Z,2026-09-06T10:00:00Z,508,kWh,PLANT-B,true,maverick-q3-2026-complete-v1
complete-q3-v1-electricity-20260906T1100Z,2026-09-06T11:00:00Z,508,kWh,PLANT-B,true,maverick-q3-2026-complete-v1
complete-q3-v1-electricity-20260906T1200Z,2026-09-06T12:00:00Z,508,kWh,PLANT-B,true,maverick-q3-2026-complete-v1
complete-q3-v1-electricity-20260906T1300Z,2026-09-06T13:00:00Z,508,kWh,PLANT-B,true,maverick-q3-2026-complete-v1
complete-q3-v1-electricity-20260906T1400Z,2026-09-06T14:00:00Z,508,kWh,PLANT-B,true,maverick-q3-2026-complete-v1
complete-q3-v1-electricity-20260906T1500Z,2026-09-06T15:00:00Z,508,kWh,PLANT-B,true,maverick-q3-2026-complete-v1
complete-q3-v1-electricity-20260906T1600Z,2026-09-06T16:00:00Z,508,kWh,PLANT-B,true,maverick-q3-2026-complete-v1
complete-q3-v1-electricity-20260906T1700Z,2026-09-06T17:00:00Z,508,kWh,PLANT-B,true,maverick-q3-2026-complete-v1
complete-q3-v1-electricity-20260906T1800Z,2026-09-06T18:00:00Z,508,kWh,PLANT-B,true,maverick-q3-2026-complete-v1
complete-q3-v1-electricity-20260906T1900Z,2026-09-06T19:00:00Z,448,kWh,PLANT-B,true,maverick-q3-2026-complete-v1
complete-q3-v1-electricity-20260906T2000Z,2026-09-06T20:00:00Z,448,kWh,PLANT-B,true,maverick-q3-2026-complete-v1
complete-q3-v1-electricity-20260906T2100Z,2026-09-06T21:00:00Z,448,kWh,PLANT-B,true,maverick-q3-2026-complete-v1
complete-q3-v1-electricity-20260906T2200Z,2026-09-06T22:00:00Z,448,kWh,PLANT-B,true,maverick-q3-2026-complete-v1
complete-q3-v1-electricity-20260906T2300Z,2026-09-06T23:00:00Z,448,kWh,PLANT-B,true,maverick-q3-2026-complete-v1
complete-q3-v1-electricity-20260907T0000Z,2026-09-07T00:00:00Z,493,kWh,PLANT-B,true,maverick-q3-2026-complete-v1
complete-q3-v1-electricity-20260907T0100Z,2026-09-07T01:00:00Z,493,kWh,PLANT-B,true,maverick-q3-2026-complete-v1
complete-q3-v1-electricity-20260907T0200Z,2026-09-07T02:00:00Z,493,kWh,PLANT-B,true,maverick-q3-2026-complete-v1
complete-q3-v1-electricity-20260907T0300Z,2026-09-07T03:00:00Z,493,kWh,PLANT-B,true,maverick-q3-2026-complete-v1
complete-q3-v1-electricity-20260907T0400Z,2026-09-07T04:00:00Z,493,kWh,PLANT-B,true,maverick-q3-2026-complete-v1
complete-q3-v1-electricity-20260907T0500Z,2026-09-07T05:00:00Z,493,kWh,PLANT-B,true,maverick-q3-2026-complete-v1
complete-q3-v1-electricity-20260907T0600Z,2026-09-07T06:00:00Z,493,kWh,PLANT-B,true,maverick-q3-2026-complete-v1
complete-q3-v1-electricity-20260907T0700Z,2026-09-07T07:00:00Z,553,kWh,PLANT-B,true,maverick-q3-2026-complete-v1
complete-q3-v1-electricity-20260907T0800Z,2026-09-07T08:00:00Z,553,kWh,PLANT-B,true,maverick-q3-2026-complete-v1
complete-q3-v1-electricity-20260907T0900Z,2026-09-07T09:00:00Z,553,kWh,PLANT-B,true,maverick-q3-2026-complete-v1
complete-q3-v1-electricity-20260907T1000Z,2026-09-07T10:00:00Z,553,kWh,PLANT-B,true,maverick-q3-2026-complete-v1
complete-q3-v1-electricity-20260907T1100Z,2026-09-07T11:00:00Z,553,kWh,PLANT-B,true,maverick-q3-2026-complete-v1
complete-q3-v1-electricity-20260907T1200Z,2026-09-07T12:00:00Z,553,kWh,PLANT-B,true,maverick-q3-2026-complete-v1
complete-q3-v1-electricity-20260907T1300Z,2026-09-07T13:00:00Z,553,kWh,PLANT-B,true,maverick-q3-2026-complete-v1
complete-q3-v1-electricity-20260907T1400Z,2026-09-07T14:00:00Z,553,kWh,PLANT-B,true,maverick-q3-2026-complete-v1
complete-q3-v1-electricity-20260907T1500Z,2026-09-07T15:00:00Z,553,kWh,PLANT-B,true,maverick-q3-2026-complete-v1
complete-q3-v1-electricity-20260907T1600Z,2026-09-07T16:00:00Z,553,kWh,PLANT-B,true,maverick-q3-2026-complete-v1
complete-q3-v1-electricity-20260907T1700Z,2026-09-07T17:00:00Z,553,kWh,PLANT-B,true,maverick-q3-2026-complete-v1
complete-q3-v1-electricity-20260907T1800Z,2026-09-07T18:00:00Z,553,kWh,PLANT-B,true,maverick-q3-2026-complete-v1
complete-q3-v1-electricity-20260907T1900Z,2026-09-07T19:00:00Z,493,kWh,PLANT-B,true,maverick-q3-2026-complete-v1
complete-q3-v1-electricity-20260907T2000Z,2026-09-07T20:00:00Z,493,kWh,PLANT-B,true,maverick-q3-2026-complete-v1
complete-q3-v1-electricity-20260907T2100Z,2026-09-07T21:00:00Z,493,kWh,PLANT-B,true,maverick-q3-2026-complete-v1
complete-q3-v1-electricity-20260907T2200Z,2026-09-07T22:00:00Z,493,kWh,PLANT-B,true,maverick-q3-2026-complete-v1
complete-q3-v1-electricity-20260907T2300Z,2026-09-07T23:00:00Z,493,kWh,PLANT-B,true,maverick-q3-2026-complete-v1
complete-q3-v1-electricity-20260908T0000Z,2026-09-08T00:00:00Z,496,kWh,PLANT-B,true,maverick-q3-2026-complete-v1
complete-q3-v1-electricity-20260908T0100Z,2026-09-08T01:00:00Z,496,kWh,PLANT-B,true,maverick-q3-2026-complete-v1
complete-q3-v1-electricity-20260908T0200Z,2026-09-08T02:00:00Z,496,kWh,PLANT-B,true,maverick-q3-2026-complete-v1
complete-q3-v1-electricity-20260908T0300Z,2026-09-08T03:00:00Z,496,kWh,PLANT-B,true,maverick-q3-2026-complete-v1
complete-q3-v1-electricity-20260908T0400Z,2026-09-08T04:00:00Z,496,kWh,PLANT-B,true,maverick-q3-2026-complete-v1
complete-q3-v1-electricity-20260908T0500Z,2026-09-08T05:00:00Z,496,kWh,PLANT-B,true,maverick-q3-2026-complete-v1
complete-q3-v1-electricity-20260908T0600Z,2026-09-08T06:00:00Z,496,kWh,PLANT-B,true,maverick-q3-2026-complete-v1
complete-q3-v1-electricity-20260908T0700Z,2026-09-08T07:00:00Z,556,kWh,PLANT-B,true,maverick-q3-2026-complete-v1
complete-q3-v1-electricity-20260908T0800Z,2026-09-08T08:00:00Z,556,kWh,PLANT-B,true,maverick-q3-2026-complete-v1
complete-q3-v1-electricity-20260908T0900Z,2026-09-08T09:00:00Z,556,kWh,PLANT-B,true,maverick-q3-2026-complete-v1
complete-q3-v1-electricity-20260908T1000Z,2026-09-08T10:00:00Z,556,kWh,PLANT-B,true,maverick-q3-2026-complete-v1
complete-q3-v1-electricity-20260908T1100Z,2026-09-08T11:00:00Z,556,kWh,PLANT-B,true,maverick-q3-2026-complete-v1
complete-q3-v1-electricity-20260908T1200Z,2026-09-08T12:00:00Z,556,kWh,PLANT-B,true,maverick-q3-2026-complete-v1
complete-q3-v1-electricity-20260908T1300Z,2026-09-08T13:00:00Z,556,kWh,PLANT-B,true,maverick-q3-2026-complete-v1
complete-q3-v1-electricity-20260908T1400Z,2026-09-08T14:00:00Z,556,kWh,PLANT-B,true,maverick-q3-2026-complete-v1
complete-q3-v1-electricity-20260908T1500Z,2026-09-08T15:00:00Z,556,kWh,PLANT-B,true,maverick-q3-2026-complete-v1
complete-q3-v1-electricity-20260908T1600Z,2026-09-08T16:00:00Z,556,kWh,PLANT-B,true,maverick-q3-2026-complete-v1
complete-q3-v1-electricity-20260908T1700Z,2026-09-08T17:00:00Z,556,kWh,PLANT-B,true,maverick-q3-2026-complete-v1
complete-q3-v1-electricity-20260908T1800Z,2026-09-08T18:00:00Z,556,kWh,PLANT-B,true,maverick-q3-2026-complete-v1
complete-q3-v1-electricity-20260908T1900Z,2026-09-08T19:00:00Z,496,kWh,PLANT-B,true,maverick-q3-2026-complete-v1
complete-q3-v1-electricity-20260908T2000Z,2026-09-08T20:00:00Z,496,kWh,PLANT-B,true,maverick-q3-2026-complete-v1
complete-q3-v1-electricity-20260908T2100Z,2026-09-08T21:00:00Z,496,kWh,PLANT-B,true,maverick-q3-2026-complete-v1
complete-q3-v1-electricity-20260908T2200Z,2026-09-08T22:00:00Z,496,kWh,PLANT-B,true,maverick-q3-2026-complete-v1
complete-q3-v1-electricity-20260908T2300Z,2026-09-08T23:00:00Z,496,kWh,PLANT-B,true,maverick-q3-2026-complete-v1
complete-q3-v1-electricity-20260909T0000Z,2026-09-09T00:00:00Z,499,kWh,PLANT-B,true,maverick-q3-2026-complete-v1
complete-q3-v1-electricity-20260909T0100Z,2026-09-09T01:00:00Z,499,kWh,PLANT-B,true,maverick-q3-2026-complete-v1
complete-q3-v1-electricity-20260909T0200Z,2026-09-09T02:00:00Z,499,kWh,PLANT-B,true,maverick-q3-2026-complete-v1
complete-q3-v1-electricity-20260909T0300Z,2026-09-09T03:00:00Z,499,kWh,PLANT-B,true,maverick-q3-2026-complete-v1
complete-q3-v1-electricity-20260909T0400Z,2026-09-09T04:00:00Z,499,kWh,PLANT-B,true,maverick-q3-2026-complete-v1
complete-q3-v1-electricity-20260909T0500Z,2026-09-09T05:00:00Z,499,kWh,PLANT-B,true,maverick-q3-2026-complete-v1
complete-q3-v1-electricity-20260909T0600Z,2026-09-09T06:00:00Z,499,kWh,PLANT-B,true,maverick-q3-2026-complete-v1
complete-q3-v1-electricity-20260909T0700Z,2026-09-09T07:00:00Z,559,kWh,PLANT-B,true,maverick-q3-2026-complete-v1
complete-q3-v1-electricity-20260909T0800Z,2026-09-09T08:00:00Z,559,kWh,PLANT-B,true,maverick-q3-2026-complete-v1
complete-q3-v1-electricity-20260909T0900Z,2026-09-09T09:00:00Z,559,kWh,PLANT-B,true,maverick-q3-2026-complete-v1
complete-q3-v1-electricity-20260909T1000Z,2026-09-09T10:00:00Z,559,kWh,PLANT-B,true,maverick-q3-2026-complete-v1
complete-q3-v1-electricity-20260909T1100Z,2026-09-09T11:00:00Z,559,kWh,PLANT-B,true,maverick-q3-2026-complete-v1
complete-q3-v1-electricity-20260909T1200Z,2026-09-09T12:00:00Z,559,kWh,PLANT-B,true,maverick-q3-2026-complete-v1
complete-q3-v1-electricity-20260909T1300Z,2026-09-09T13:00:00Z,559,kWh,PLANT-B,true,maverick-q3-2026-complete-v1
complete-q3-v1-electricity-20260909T1400Z,2026-09-09T14:00:00Z,559,kWh,PLANT-B,true,maverick-q3-2026-complete-v1
complete-q3-v1-electricity-20260909T1500Z,2026-09-09T15:00:00Z,559,kWh,PLANT-B,true,maverick-q3-2026-complete-v1
complete-q3-v1-electricity-20260909T1600Z,2026-09-09T16:00:00Z,559,kWh,PLANT-B,true,maverick-q3-2026-complete-v1
complete-q3-v1-electricity-20260909T1700Z,2026-09-09T17:00:00Z,559,kWh,PLANT-B,true,maverick-q3-2026-complete-v1
complete-q3-v1-electricity-20260909T1800Z,2026-09-09T18:00:00Z,559,kWh,PLANT-B,true,maverick-q3-2026-complete-v1
complete-q3-v1-electricity-20260909T1900Z,2026-09-09T19:00:00Z,499,kWh,PLANT-B,true,maverick-q3-2026-complete-v1
complete-q3-v1-electricity-20260909T2000Z,2026-09-09T20:00:00Z,499,kWh,PLANT-B,true,maverick-q3-2026-complete-v1
complete-q3-v1-electricity-20260909T2100Z,2026-09-09T21:00:00Z,499,kWh,PLANT-B,true,maverick-q3-2026-complete-v1
complete-q3-v1-electricity-20260909T2200Z,2026-09-09T22:00:00Z,499,kWh,PLANT-B,true,maverick-q3-2026-complete-v1
complete-q3-v1-electricity-20260909T2300Z,2026-09-09T23:00:00Z,499,kWh,PLANT-B,true,maverick-q3-2026-complete-v1
complete-q3-v1-electricity-20260910T0000Z,2026-09-10T00:00:00Z,469,kWh,PLANT-B,true,maverick-q3-2026-complete-v1
complete-q3-v1-electricity-20260910T0100Z,2026-09-10T01:00:00Z,469,kWh,PLANT-B,true,maverick-q3-2026-complete-v1
complete-q3-v1-electricity-20260910T0200Z,2026-09-10T02:00:00Z,469,kWh,PLANT-B,true,maverick-q3-2026-complete-v1
complete-q3-v1-electricity-20260910T0300Z,2026-09-10T03:00:00Z,469,kWh,PLANT-B,true,maverick-q3-2026-complete-v1
complete-q3-v1-electricity-20260910T0400Z,2026-09-10T04:00:00Z,469,kWh,PLANT-B,true,maverick-q3-2026-complete-v1
complete-q3-v1-electricity-20260910T0500Z,2026-09-10T05:00:00Z,469,kWh,PLANT-B,true,maverick-q3-2026-complete-v1
complete-q3-v1-electricity-20260910T0600Z,2026-09-10T06:00:00Z,469,kWh,PLANT-B,true,maverick-q3-2026-complete-v1
complete-q3-v1-electricity-20260910T0700Z,2026-09-10T07:00:00Z,529,kWh,PLANT-B,true,maverick-q3-2026-complete-v1
complete-q3-v1-electricity-20260910T0800Z,2026-09-10T08:00:00Z,529,kWh,PLANT-B,true,maverick-q3-2026-complete-v1
complete-q3-v1-electricity-20260910T0900Z,2026-09-10T09:00:00Z,529,kWh,PLANT-B,true,maverick-q3-2026-complete-v1
complete-q3-v1-electricity-20260910T1000Z,2026-09-10T10:00:00Z,529,kWh,PLANT-B,true,maverick-q3-2026-complete-v1
complete-q3-v1-electricity-20260910T1100Z,2026-09-10T11:00:00Z,529,kWh,PLANT-B,true,maverick-q3-2026-complete-v1
complete-q3-v1-electricity-20260910T1200Z,2026-09-10T12:00:00Z,529,kWh,PLANT-B,true,maverick-q3-2026-complete-v1
complete-q3-v1-electricity-20260910T1300Z,2026-09-10T13:00:00Z,529,kWh,PLANT-B,true,maverick-q3-2026-complete-v1
complete-q3-v1-electricity-20260910T1400Z,2026-09-10T14:00:00Z,529,kWh,PLANT-B,true,maverick-q3-2026-complete-v1
complete-q3-v1-electricity-20260910T1500Z,2026-09-10T15:00:00Z,529,kWh,PLANT-B,true,maverick-q3-2026-complete-v1
complete-q3-v1-electricity-20260910T1600Z,2026-09-10T16:00:00Z,529,kWh,PLANT-B,true,maverick-q3-2026-complete-v1
complete-q3-v1-electricity-20260910T1700Z,2026-09-10T17:00:00Z,529,kWh,PLANT-B,true,maverick-q3-2026-complete-v1
complete-q3-v1-electricity-20260910T1800Z,2026-09-10T18:00:00Z,529,kWh,PLANT-B,true,maverick-q3-2026-complete-v1
complete-q3-v1-electricity-20260910T1900Z,2026-09-10T19:00:00Z,469,kWh,PLANT-B,true,maverick-q3-2026-complete-v1
complete-q3-v1-electricity-20260910T2000Z,2026-09-10T20:00:00Z,469,kWh,PLANT-B,true,maverick-q3-2026-complete-v1
complete-q3-v1-electricity-20260910T2100Z,2026-09-10T21:00:00Z,469,kWh,PLANT-B,true,maverick-q3-2026-complete-v1
complete-q3-v1-electricity-20260910T2200Z,2026-09-10T22:00:00Z,469,kWh,PLANT-B,true,maverick-q3-2026-complete-v1
complete-q3-v1-electricity-20260910T2300Z,2026-09-10T23:00:00Z,469,kWh,PLANT-B,true,maverick-q3-2026-complete-v1
complete-q3-v1-electricity-20260911T0000Z,2026-09-11T00:00:00Z,472,kWh,PLANT-B,true,maverick-q3-2026-complete-v1
complete-q3-v1-electricity-20260911T0100Z,2026-09-11T01:00:00Z,472,kWh,PLANT-B,true,maverick-q3-2026-complete-v1
complete-q3-v1-electricity-20260911T0200Z,2026-09-11T02:00:00Z,472,kWh,PLANT-B,true,maverick-q3-2026-complete-v1
complete-q3-v1-electricity-20260911T0300Z,2026-09-11T03:00:00Z,472,kWh,PLANT-B,true,maverick-q3-2026-complete-v1
complete-q3-v1-electricity-20260911T0400Z,2026-09-11T04:00:00Z,472,kWh,PLANT-B,true,maverick-q3-2026-complete-v1
complete-q3-v1-electricity-20260911T0500Z,2026-09-11T05:00:00Z,472,kWh,PLANT-B,true,maverick-q3-2026-complete-v1
complete-q3-v1-electricity-20260911T0600Z,2026-09-11T06:00:00Z,472,kWh,PLANT-B,true,maverick-q3-2026-complete-v1
complete-q3-v1-electricity-20260911T0700Z,2026-09-11T07:00:00Z,532,kWh,PLANT-B,true,maverick-q3-2026-complete-v1
complete-q3-v1-electricity-20260911T0800Z,2026-09-11T08:00:00Z,532,kWh,PLANT-B,true,maverick-q3-2026-complete-v1
complete-q3-v1-electricity-20260911T0900Z,2026-09-11T09:00:00Z,532,kWh,PLANT-B,true,maverick-q3-2026-complete-v1
complete-q3-v1-electricity-20260911T1000Z,2026-09-11T10:00:00Z,532,kWh,PLANT-B,true,maverick-q3-2026-complete-v1
complete-q3-v1-electricity-20260911T1100Z,2026-09-11T11:00:00Z,532,kWh,PLANT-B,true,maverick-q3-2026-complete-v1
complete-q3-v1-electricity-20260911T1200Z,2026-09-11T12:00:00Z,532,kWh,PLANT-B,true,maverick-q3-2026-complete-v1
complete-q3-v1-electricity-20260911T1300Z,2026-09-11T13:00:00Z,532,kWh,PLANT-B,true,maverick-q3-2026-complete-v1
complete-q3-v1-electricity-20260911T1400Z,2026-09-11T14:00:00Z,532,kWh,PLANT-B,true,maverick-q3-2026-complete-v1
complete-q3-v1-electricity-20260911T1500Z,2026-09-11T15:00:00Z,532,kWh,PLANT-B,true,maverick-q3-2026-complete-v1
complete-q3-v1-electricity-20260911T1600Z,2026-09-11T16:00:00Z,532,kWh,PLANT-B,true,maverick-q3-2026-complete-v1
complete-q3-v1-electricity-20260911T1700Z,2026-09-11T17:00:00Z,532,kWh,PLANT-B,true,maverick-q3-2026-complete-v1
complete-q3-v1-electricity-20260911T1800Z,2026-09-11T18:00:00Z,532,kWh,PLANT-B,true,maverick-q3-2026-complete-v1
complete-q3-v1-electricity-20260911T1900Z,2026-09-11T19:00:00Z,472,kWh,PLANT-B,true,maverick-q3-2026-complete-v1
complete-q3-v1-electricity-20260911T2000Z,2026-09-11T20:00:00Z,472,kWh,PLANT-B,true,maverick-q3-2026-complete-v1
complete-q3-v1-electricity-20260911T2100Z,2026-09-11T21:00:00Z,472,kWh,PLANT-B,true,maverick-q3-2026-complete-v1
complete-q3-v1-electricity-20260911T2200Z,2026-09-11T22:00:00Z,472,kWh,PLANT-B,true,maverick-q3-2026-complete-v1
complete-q3-v1-electricity-20260911T2300Z,2026-09-11T23:00:00Z,472,kWh,PLANT-B,true,maverick-q3-2026-complete-v1
complete-q3-v1-electricity-20260912T0000Z,2026-09-12T00:00:00Z,433,kWh,PLANT-B,true,maverick-q3-2026-complete-v1
complete-q3-v1-electricity-20260912T0100Z,2026-09-12T01:00:00Z,433,kWh,PLANT-B,true,maverick-q3-2026-complete-v1
complete-q3-v1-electricity-20260912T0200Z,2026-09-12T02:00:00Z,433,kWh,PLANT-B,true,maverick-q3-2026-complete-v1
complete-q3-v1-electricity-20260912T0300Z,2026-09-12T03:00:00Z,433,kWh,PLANT-B,true,maverick-q3-2026-complete-v1
complete-q3-v1-electricity-20260912T0400Z,2026-09-12T04:00:00Z,433,kWh,PLANT-B,true,maverick-q3-2026-complete-v1
complete-q3-v1-electricity-20260912T0500Z,2026-09-12T05:00:00Z,433,kWh,PLANT-B,true,maverick-q3-2026-complete-v1
complete-q3-v1-electricity-20260912T0600Z,2026-09-12T06:00:00Z,433,kWh,PLANT-B,true,maverick-q3-2026-complete-v1
complete-q3-v1-electricity-20260912T0700Z,2026-09-12T07:00:00Z,493,kWh,PLANT-B,true,maverick-q3-2026-complete-v1
complete-q3-v1-electricity-20260912T0800Z,2026-09-12T08:00:00Z,493,kWh,PLANT-B,true,maverick-q3-2026-complete-v1
complete-q3-v1-electricity-20260912T0900Z,2026-09-12T09:00:00Z,493,kWh,PLANT-B,true,maverick-q3-2026-complete-v1
complete-q3-v1-electricity-20260912T1000Z,2026-09-12T10:00:00Z,493,kWh,PLANT-B,true,maverick-q3-2026-complete-v1
complete-q3-v1-electricity-20260912T1100Z,2026-09-12T11:00:00Z,493,kWh,PLANT-B,true,maverick-q3-2026-complete-v1
complete-q3-v1-electricity-20260912T1200Z,2026-09-12T12:00:00Z,493,kWh,PLANT-B,true,maverick-q3-2026-complete-v1
complete-q3-v1-electricity-20260912T1300Z,2026-09-12T13:00:00Z,493,kWh,PLANT-B,true,maverick-q3-2026-complete-v1
complete-q3-v1-electricity-20260912T1400Z,2026-09-12T14:00:00Z,493,kWh,PLANT-B,true,maverick-q3-2026-complete-v1
complete-q3-v1-electricity-20260912T1500Z,2026-09-12T15:00:00Z,493,kWh,PLANT-B,true,maverick-q3-2026-complete-v1
complete-q3-v1-electricity-20260912T1600Z,2026-09-12T16:00:00Z,493,kWh,PLANT-B,true,maverick-q3-2026-complete-v1
complete-q3-v1-electricity-20260912T1700Z,2026-09-12T17:00:00Z,493,kWh,PLANT-B,true,maverick-q3-2026-complete-v1
complete-q3-v1-electricity-20260912T1800Z,2026-09-12T18:00:00Z,493,kWh,PLANT-B,true,maverick-q3-2026-complete-v1
complete-q3-v1-electricity-20260912T1900Z,2026-09-12T19:00:00Z,433,kWh,PLANT-B,true,maverick-q3-2026-complete-v1
complete-q3-v1-electricity-20260912T2000Z,2026-09-12T20:00:00Z,433,kWh,PLANT-B,true,maverick-q3-2026-complete-v1
complete-q3-v1-electricity-20260912T2100Z,2026-09-12T21:00:00Z,433,kWh,PLANT-B,true,maverick-q3-2026-complete-v1
complete-q3-v1-electricity-20260912T2200Z,2026-09-12T22:00:00Z,433,kWh,PLANT-B,true,maverick-q3-2026-complete-v1
complete-q3-v1-electricity-20260912T2300Z,2026-09-12T23:00:00Z,433,kWh,PLANT-B,true,maverick-q3-2026-complete-v1
complete-q3-v1-electricity-20260913T0000Z,2026-09-13T00:00:00Z,436,kWh,PLANT-B,true,maverick-q3-2026-complete-v1
complete-q3-v1-electricity-20260913T0100Z,2026-09-13T01:00:00Z,436,kWh,PLANT-B,true,maverick-q3-2026-complete-v1
complete-q3-v1-electricity-20260913T0200Z,2026-09-13T02:00:00Z,436,kWh,PLANT-B,true,maverick-q3-2026-complete-v1
complete-q3-v1-electricity-20260913T0300Z,2026-09-13T03:00:00Z,436,kWh,PLANT-B,true,maverick-q3-2026-complete-v1
complete-q3-v1-electricity-20260913T0400Z,2026-09-13T04:00:00Z,436,kWh,PLANT-B,true,maverick-q3-2026-complete-v1
complete-q3-v1-electricity-20260913T0500Z,2026-09-13T05:00:00Z,436,kWh,PLANT-B,true,maverick-q3-2026-complete-v1
complete-q3-v1-electricity-20260913T0600Z,2026-09-13T06:00:00Z,436,kWh,PLANT-B,true,maverick-q3-2026-complete-v1
complete-q3-v1-electricity-20260913T0700Z,2026-09-13T07:00:00Z,496,kWh,PLANT-B,true,maverick-q3-2026-complete-v1
complete-q3-v1-electricity-20260913T0800Z,2026-09-13T08:00:00Z,496,kWh,PLANT-B,true,maverick-q3-2026-complete-v1
complete-q3-v1-electricity-20260913T0900Z,2026-09-13T09:00:00Z,496,kWh,PLANT-B,true,maverick-q3-2026-complete-v1
complete-q3-v1-electricity-20260913T1000Z,2026-09-13T10:00:00Z,496,kWh,PLANT-B,true,maverick-q3-2026-complete-v1
complete-q3-v1-electricity-20260913T1100Z,2026-09-13T11:00:00Z,496,kWh,PLANT-B,true,maverick-q3-2026-complete-v1
complete-q3-v1-electricity-20260913T1200Z,2026-09-13T12:00:00Z,496,kWh,PLANT-B,true,maverick-q3-2026-complete-v1
complete-q3-v1-electricity-20260913T1300Z,2026-09-13T13:00:00Z,496,kWh,PLANT-B,true,maverick-q3-2026-complete-v1
complete-q3-v1-electricity-20260913T1400Z,2026-09-13T14:00:00Z,496,kWh,PLANT-B,true,maverick-q3-2026-complete-v1
complete-q3-v1-electricity-20260913T1500Z,2026-09-13T15:00:00Z,496,kWh,PLANT-B,true,maverick-q3-2026-complete-v1
complete-q3-v1-electricity-20260913T1600Z,2026-09-13T16:00:00Z,496,kWh,PLANT-B,true,maverick-q3-2026-complete-v1
complete-q3-v1-electricity-20260913T1700Z,2026-09-13T17:00:00Z,496,kWh,PLANT-B,true,maverick-q3-2026-complete-v1
complete-q3-v1-electricity-20260913T1800Z,2026-09-13T18:00:00Z,496,kWh,PLANT-B,true,maverick-q3-2026-complete-v1
complete-q3-v1-electricity-20260913T1900Z,2026-09-13T19:00:00Z,436,kWh,PLANT-B,true,maverick-q3-2026-complete-v1
complete-q3-v1-electricity-20260913T2000Z,2026-09-13T20:00:00Z,436,kWh,PLANT-B,true,maverick-q3-2026-complete-v1
complete-q3-v1-electricity-20260913T2100Z,2026-09-13T21:00:00Z,436,kWh,PLANT-B,true,maverick-q3-2026-complete-v1
complete-q3-v1-electricity-20260913T2200Z,2026-09-13T22:00:00Z,436,kWh,PLANT-B,true,maverick-q3-2026-complete-v1
complete-q3-v1-electricity-20260913T2300Z,2026-09-13T23:00:00Z,436,kWh,PLANT-B,true,maverick-q3-2026-complete-v1
complete-q3-v1-electricity-20260914T0000Z,2026-09-14T00:00:00Z,481,kWh,PLANT-B,true,maverick-q3-2026-complete-v1
complete-q3-v1-electricity-20260914T0100Z,2026-09-14T01:00:00Z,481,kWh,PLANT-B,true,maverick-q3-2026-complete-v1
complete-q3-v1-electricity-20260914T0200Z,2026-09-14T02:00:00Z,481,kWh,PLANT-B,true,maverick-q3-2026-complete-v1
complete-q3-v1-electricity-20260914T0300Z,2026-09-14T03:00:00Z,481,kWh,PLANT-B,true,maverick-q3-2026-complete-v1
complete-q3-v1-electricity-20260914T0400Z,2026-09-14T04:00:00Z,481,kWh,PLANT-B,true,maverick-q3-2026-complete-v1
complete-q3-v1-electricity-20260914T0500Z,2026-09-14T05:00:00Z,481,kWh,PLANT-B,true,maverick-q3-2026-complete-v1
complete-q3-v1-electricity-20260914T0600Z,2026-09-14T06:00:00Z,481,kWh,PLANT-B,true,maverick-q3-2026-complete-v1
complete-q3-v1-electricity-20260914T0700Z,2026-09-14T07:00:00Z,541,kWh,PLANT-B,true,maverick-q3-2026-complete-v1
complete-q3-v1-electricity-20260914T0800Z,2026-09-14T08:00:00Z,541,kWh,PLANT-B,true,maverick-q3-2026-complete-v1
complete-q3-v1-electricity-20260914T0900Z,2026-09-14T09:00:00Z,541,kWh,PLANT-B,true,maverick-q3-2026-complete-v1
complete-q3-v1-electricity-20260914T1000Z,2026-09-14T10:00:00Z,541,kWh,PLANT-B,true,maverick-q3-2026-complete-v1
complete-q3-v1-electricity-20260914T1100Z,2026-09-14T11:00:00Z,541,kWh,PLANT-B,true,maverick-q3-2026-complete-v1
complete-q3-v1-electricity-20260914T1200Z,2026-09-14T12:00:00Z,541,kWh,PLANT-B,true,maverick-q3-2026-complete-v1
complete-q3-v1-electricity-20260914T1300Z,2026-09-14T13:00:00Z,541,kWh,PLANT-B,true,maverick-q3-2026-complete-v1
complete-q3-v1-electricity-20260914T1400Z,2026-09-14T14:00:00Z,541,kWh,PLANT-B,true,maverick-q3-2026-complete-v1
complete-q3-v1-electricity-20260914T1500Z,2026-09-14T15:00:00Z,541,kWh,PLANT-B,true,maverick-q3-2026-complete-v1
complete-q3-v1-electricity-20260914T1600Z,2026-09-14T16:00:00Z,541,kWh,PLANT-B,true,maverick-q3-2026-complete-v1
complete-q3-v1-electricity-20260914T1700Z,2026-09-14T17:00:00Z,541,kWh,PLANT-B,true,maverick-q3-2026-complete-v1
complete-q3-v1-electricity-20260914T1800Z,2026-09-14T18:00:00Z,541,kWh,PLANT-B,true,maverick-q3-2026-complete-v1
complete-q3-v1-electricity-20260914T1900Z,2026-09-14T19:00:00Z,481,kWh,PLANT-B,true,maverick-q3-2026-complete-v1
complete-q3-v1-electricity-20260914T2000Z,2026-09-14T20:00:00Z,481,kWh,PLANT-B,true,maverick-q3-2026-complete-v1
complete-q3-v1-electricity-20260914T2100Z,2026-09-14T21:00:00Z,481,kWh,PLANT-B,true,maverick-q3-2026-complete-v1
complete-q3-v1-electricity-20260914T2200Z,2026-09-14T22:00:00Z,481,kWh,PLANT-B,true,maverick-q3-2026-complete-v1
complete-q3-v1-electricity-20260914T2300Z,2026-09-14T23:00:00Z,481,kWh,PLANT-B,true,maverick-q3-2026-complete-v1
complete-q3-v1-electricity-20260915T0000Z,2026-09-15T00:00:00Z,484,kWh,PLANT-B,true,maverick-q3-2026-complete-v1
complete-q3-v1-electricity-20260915T0100Z,2026-09-15T01:00:00Z,484,kWh,PLANT-B,true,maverick-q3-2026-complete-v1
complete-q3-v1-electricity-20260915T0200Z,2026-09-15T02:00:00Z,484,kWh,PLANT-B,true,maverick-q3-2026-complete-v1
complete-q3-v1-electricity-20260915T0300Z,2026-09-15T03:00:00Z,484,kWh,PLANT-B,true,maverick-q3-2026-complete-v1
complete-q3-v1-electricity-20260915T0400Z,2026-09-15T04:00:00Z,484,kWh,PLANT-B,true,maverick-q3-2026-complete-v1
complete-q3-v1-electricity-20260915T0500Z,2026-09-15T05:00:00Z,484,kWh,PLANT-B,true,maverick-q3-2026-complete-v1
complete-q3-v1-electricity-20260915T0600Z,2026-09-15T06:00:00Z,484,kWh,PLANT-B,true,maverick-q3-2026-complete-v1
complete-q3-v1-electricity-20260915T0700Z,2026-09-15T07:00:00Z,544,kWh,PLANT-B,true,maverick-q3-2026-complete-v1
complete-q3-v1-electricity-20260915T0800Z,2026-09-15T08:00:00Z,544,kWh,PLANT-B,true,maverick-q3-2026-complete-v1
complete-q3-v1-electricity-20260915T0900Z,2026-09-15T09:00:00Z,544,kWh,PLANT-B,true,maverick-q3-2026-complete-v1
complete-q3-v1-electricity-20260915T1000Z,2026-09-15T10:00:00Z,544,kWh,PLANT-B,true,maverick-q3-2026-complete-v1
complete-q3-v1-electricity-20260915T1100Z,2026-09-15T11:00:00Z,544,kWh,PLANT-B,true,maverick-q3-2026-complete-v1
complete-q3-v1-electricity-20260915T1200Z,2026-09-15T12:00:00Z,544,kWh,PLANT-B,true,maverick-q3-2026-complete-v1
complete-q3-v1-electricity-20260915T1300Z,2026-09-15T13:00:00Z,544,kWh,PLANT-B,true,maverick-q3-2026-complete-v1
complete-q3-v1-electricity-20260915T1400Z,2026-09-15T14:00:00Z,544,kWh,PLANT-B,true,maverick-q3-2026-complete-v1
complete-q3-v1-electricity-20260915T1500Z,2026-09-15T15:00:00Z,544,kWh,PLANT-B,true,maverick-q3-2026-complete-v1
complete-q3-v1-electricity-20260915T1600Z,2026-09-15T16:00:00Z,544,kWh,PLANT-B,true,maverick-q3-2026-complete-v1
complete-q3-v1-electricity-20260915T1700Z,2026-09-15T17:00:00Z,544,kWh,PLANT-B,true,maverick-q3-2026-complete-v1
complete-q3-v1-electricity-20260915T1800Z,2026-09-15T18:00:00Z,544,kWh,PLANT-B,true,maverick-q3-2026-complete-v1
complete-q3-v1-electricity-20260915T1900Z,2026-09-15T19:00:00Z,484,kWh,PLANT-B,true,maverick-q3-2026-complete-v1
complete-q3-v1-electricity-20260915T2000Z,2026-09-15T20:00:00Z,484,kWh,PLANT-B,true,maverick-q3-2026-complete-v1
complete-q3-v1-electricity-20260915T2100Z,2026-09-15T21:00:00Z,484,kWh,PLANT-B,true,maverick-q3-2026-complete-v1
complete-q3-v1-electricity-20260915T2200Z,2026-09-15T22:00:00Z,484,kWh,PLANT-B,true,maverick-q3-2026-complete-v1
complete-q3-v1-electricity-20260915T2300Z,2026-09-15T23:00:00Z,484,kWh,PLANT-B,true,maverick-q3-2026-complete-v1
complete-q3-v1-electricity-20260916T0000Z,2026-09-16T00:00:00Z,487,kWh,PLANT-B,true,maverick-q3-2026-complete-v1
complete-q3-v1-electricity-20260916T0100Z,2026-09-16T01:00:00Z,487,kWh,PLANT-B,true,maverick-q3-2026-complete-v1
complete-q3-v1-electricity-20260916T0200Z,2026-09-16T02:00:00Z,487,kWh,PLANT-B,true,maverick-q3-2026-complete-v1
complete-q3-v1-electricity-20260916T0300Z,2026-09-16T03:00:00Z,487,kWh,PLANT-B,true,maverick-q3-2026-complete-v1
complete-q3-v1-electricity-20260916T0400Z,2026-09-16T04:00:00Z,487,kWh,PLANT-B,true,maverick-q3-2026-complete-v1
complete-q3-v1-electricity-20260916T0500Z,2026-09-16T05:00:00Z,487,kWh,PLANT-B,true,maverick-q3-2026-complete-v1
complete-q3-v1-electricity-20260916T0600Z,2026-09-16T06:00:00Z,487,kWh,PLANT-B,true,maverick-q3-2026-complete-v1
complete-q3-v1-electricity-20260916T0700Z,2026-09-16T07:00:00Z,547,kWh,PLANT-B,true,maverick-q3-2026-complete-v1
complete-q3-v1-electricity-20260916T0800Z,2026-09-16T08:00:00Z,547,kWh,PLANT-B,true,maverick-q3-2026-complete-v1
complete-q3-v1-electricity-20260916T0900Z,2026-09-16T09:00:00Z,547,kWh,PLANT-B,true,maverick-q3-2026-complete-v1
complete-q3-v1-electricity-20260916T1000Z,2026-09-16T10:00:00Z,547,kWh,PLANT-B,true,maverick-q3-2026-complete-v1
complete-q3-v1-electricity-20260916T1100Z,2026-09-16T11:00:00Z,547,kWh,PLANT-B,true,maverick-q3-2026-complete-v1
complete-q3-v1-electricity-20260916T1200Z,2026-09-16T12:00:00Z,547,kWh,PLANT-B,true,maverick-q3-2026-complete-v1
complete-q3-v1-electricity-20260916T1300Z,2026-09-16T13:00:00Z,547,kWh,PLANT-B,true,maverick-q3-2026-complete-v1
complete-q3-v1-electricity-20260916T1400Z,2026-09-16T14:00:00Z,547,kWh,PLANT-B,true,maverick-q3-2026-complete-v1
complete-q3-v1-electricity-20260916T1500Z,2026-09-16T15:00:00Z,547,kWh,PLANT-B,true,maverick-q3-2026-complete-v1
complete-q3-v1-electricity-20260916T1600Z,2026-09-16T16:00:00Z,547,kWh,PLANT-B,true,maverick-q3-2026-complete-v1
complete-q3-v1-electricity-20260916T1700Z,2026-09-16T17:00:00Z,547,kWh,PLANT-B,true,maverick-q3-2026-complete-v1
complete-q3-v1-electricity-20260916T1800Z,2026-09-16T18:00:00Z,547,kWh,PLANT-B,true,maverick-q3-2026-complete-v1
complete-q3-v1-electricity-20260916T1900Z,2026-09-16T19:00:00Z,487,kWh,PLANT-B,true,maverick-q3-2026-complete-v1
complete-q3-v1-electricity-20260916T2000Z,2026-09-16T20:00:00Z,487,kWh,PLANT-B,true,maverick-q3-2026-complete-v1
complete-q3-v1-electricity-20260916T2100Z,2026-09-16T21:00:00Z,487,kWh,PLANT-B,true,maverick-q3-2026-complete-v1
complete-q3-v1-electricity-20260916T2200Z,2026-09-16T22:00:00Z,487,kWh,PLANT-B,true,maverick-q3-2026-complete-v1
complete-q3-v1-electricity-20260916T2300Z,2026-09-16T23:00:00Z,487,kWh,PLANT-B,true,maverick-q3-2026-complete-v1
complete-q3-v1-electricity-20260917T0000Z,2026-09-17T00:00:00Z,490,kWh,PLANT-B,true,maverick-q3-2026-complete-v1
complete-q3-v1-electricity-20260917T0100Z,2026-09-17T01:00:00Z,490,kWh,PLANT-B,true,maverick-q3-2026-complete-v1
complete-q3-v1-electricity-20260917T0200Z,2026-09-17T02:00:00Z,490,kWh,PLANT-B,true,maverick-q3-2026-complete-v1
complete-q3-v1-electricity-20260917T0300Z,2026-09-17T03:00:00Z,490,kWh,PLANT-B,true,maverick-q3-2026-complete-v1
complete-q3-v1-electricity-20260917T0400Z,2026-09-17T04:00:00Z,490,kWh,PLANT-B,true,maverick-q3-2026-complete-v1
complete-q3-v1-electricity-20260917T0500Z,2026-09-17T05:00:00Z,490,kWh,PLANT-B,true,maverick-q3-2026-complete-v1
complete-q3-v1-electricity-20260917T0600Z,2026-09-17T06:00:00Z,490,kWh,PLANT-B,true,maverick-q3-2026-complete-v1
complete-q3-v1-electricity-20260917T0700Z,2026-09-17T07:00:00Z,550,kWh,PLANT-B,true,maverick-q3-2026-complete-v1
complete-q3-v1-electricity-20260917T0800Z,2026-09-17T08:00:00Z,550,kWh,PLANT-B,true,maverick-q3-2026-complete-v1
complete-q3-v1-electricity-20260917T0900Z,2026-09-17T09:00:00Z,550,kWh,PLANT-B,true,maverick-q3-2026-complete-v1
complete-q3-v1-electricity-20260917T1000Z,2026-09-17T10:00:00Z,550,kWh,PLANT-B,true,maverick-q3-2026-complete-v1
complete-q3-v1-electricity-20260917T1100Z,2026-09-17T11:00:00Z,550,kWh,PLANT-B,true,maverick-q3-2026-complete-v1
complete-q3-v1-electricity-20260917T1200Z,2026-09-17T12:00:00Z,550,kWh,PLANT-B,true,maverick-q3-2026-complete-v1
complete-q3-v1-electricity-20260917T1300Z,2026-09-17T13:00:00Z,550,kWh,PLANT-B,true,maverick-q3-2026-complete-v1
complete-q3-v1-electricity-20260917T1400Z,2026-09-17T14:00:00Z,550,kWh,PLANT-B,true,maverick-q3-2026-complete-v1
complete-q3-v1-electricity-20260917T1500Z,2026-09-17T15:00:00Z,550,kWh,PLANT-B,true,maverick-q3-2026-complete-v1
complete-q3-v1-electricity-20260917T1600Z,2026-09-17T16:00:00Z,550,kWh,PLANT-B,true,maverick-q3-2026-complete-v1
complete-q3-v1-electricity-20260917T1700Z,2026-09-17T17:00:00Z,550,kWh,PLANT-B,true,maverick-q3-2026-complete-v1
complete-q3-v1-electricity-20260917T1800Z,2026-09-17T18:00:00Z,550,kWh,PLANT-B,true,maverick-q3-2026-complete-v1
complete-q3-v1-electricity-20260917T1900Z,2026-09-17T19:00:00Z,490,kWh,PLANT-B,true,maverick-q3-2026-complete-v1
complete-q3-v1-electricity-20260917T2000Z,2026-09-17T20:00:00Z,490,kWh,PLANT-B,true,maverick-q3-2026-complete-v1
complete-q3-v1-electricity-20260917T2100Z,2026-09-17T21:00:00Z,490,kWh,PLANT-B,true,maverick-q3-2026-complete-v1
complete-q3-v1-electricity-20260917T2200Z,2026-09-17T22:00:00Z,490,kWh,PLANT-B,true,maverick-q3-2026-complete-v1
complete-q3-v1-electricity-20260917T2300Z,2026-09-17T23:00:00Z,490,kWh,PLANT-B,true,maverick-q3-2026-complete-v1
complete-q3-v1-electricity-20260918T0000Z,2026-09-18T00:00:00Z,493,kWh,PLANT-B,true,maverick-q3-2026-complete-v1
complete-q3-v1-electricity-20260918T0100Z,2026-09-18T01:00:00Z,493,kWh,PLANT-B,true,maverick-q3-2026-complete-v1
complete-q3-v1-electricity-20260918T0200Z,2026-09-18T02:00:00Z,493,kWh,PLANT-B,true,maverick-q3-2026-complete-v1
complete-q3-v1-electricity-20260918T0300Z,2026-09-18T03:00:00Z,493,kWh,PLANT-B,true,maverick-q3-2026-complete-v1
complete-q3-v1-electricity-20260918T0400Z,2026-09-18T04:00:00Z,493,kWh,PLANT-B,true,maverick-q3-2026-complete-v1
complete-q3-v1-electricity-20260918T0500Z,2026-09-18T05:00:00Z,493,kWh,PLANT-B,true,maverick-q3-2026-complete-v1
complete-q3-v1-electricity-20260918T0600Z,2026-09-18T06:00:00Z,493,kWh,PLANT-B,true,maverick-q3-2026-complete-v1
complete-q3-v1-electricity-20260918T0700Z,2026-09-18T07:00:00Z,553,kWh,PLANT-B,true,maverick-q3-2026-complete-v1
complete-q3-v1-electricity-20260918T0800Z,2026-09-18T08:00:00Z,553,kWh,PLANT-B,true,maverick-q3-2026-complete-v1
complete-q3-v1-electricity-20260918T0900Z,2026-09-18T09:00:00Z,553,kWh,PLANT-B,true,maverick-q3-2026-complete-v1
complete-q3-v1-electricity-20260918T1000Z,2026-09-18T10:00:00Z,553,kWh,PLANT-B,true,maverick-q3-2026-complete-v1
complete-q3-v1-electricity-20260918T1100Z,2026-09-18T11:00:00Z,553,kWh,PLANT-B,true,maverick-q3-2026-complete-v1
complete-q3-v1-electricity-20260918T1200Z,2026-09-18T12:00:00Z,553,kWh,PLANT-B,true,maverick-q3-2026-complete-v1
complete-q3-v1-electricity-20260918T1300Z,2026-09-18T13:00:00Z,553,kWh,PLANT-B,true,maverick-q3-2026-complete-v1
complete-q3-v1-electricity-20260918T1400Z,2026-09-18T14:00:00Z,553,kWh,PLANT-B,true,maverick-q3-2026-complete-v1
complete-q3-v1-electricity-20260918T1500Z,2026-09-18T15:00:00Z,553,kWh,PLANT-B,true,maverick-q3-2026-complete-v1
complete-q3-v1-electricity-20260918T1600Z,2026-09-18T16:00:00Z,553,kWh,PLANT-B,true,maverick-q3-2026-complete-v1
complete-q3-v1-electricity-20260918T1700Z,2026-09-18T17:00:00Z,553,kWh,PLANT-B,true,maverick-q3-2026-complete-v1
complete-q3-v1-electricity-20260918T1800Z,2026-09-18T18:00:00Z,553,kWh,PLANT-B,true,maverick-q3-2026-complete-v1
complete-q3-v1-electricity-20260918T1900Z,2026-09-18T19:00:00Z,493,kWh,PLANT-B,true,maverick-q3-2026-complete-v1
complete-q3-v1-electricity-20260918T2000Z,2026-09-18T20:00:00Z,493,kWh,PLANT-B,true,maverick-q3-2026-complete-v1
complete-q3-v1-electricity-20260918T2100Z,2026-09-18T21:00:00Z,493,kWh,PLANT-B,true,maverick-q3-2026-complete-v1
complete-q3-v1-electricity-20260918T2200Z,2026-09-18T22:00:00Z,493,kWh,PLANT-B,true,maverick-q3-2026-complete-v1
complete-q3-v1-electricity-20260918T2300Z,2026-09-18T23:00:00Z,493,kWh,PLANT-B,true,maverick-q3-2026-complete-v1
complete-q3-v1-electricity-20260919T0000Z,2026-09-19T00:00:00Z,454,kWh,PLANT-B,true,maverick-q3-2026-complete-v1
complete-q3-v1-electricity-20260919T0100Z,2026-09-19T01:00:00Z,454,kWh,PLANT-B,true,maverick-q3-2026-complete-v1
complete-q3-v1-electricity-20260919T0200Z,2026-09-19T02:00:00Z,454,kWh,PLANT-B,true,maverick-q3-2026-complete-v1
complete-q3-v1-electricity-20260919T0300Z,2026-09-19T03:00:00Z,454,kWh,PLANT-B,true,maverick-q3-2026-complete-v1
complete-q3-v1-electricity-20260919T0400Z,2026-09-19T04:00:00Z,454,kWh,PLANT-B,true,maverick-q3-2026-complete-v1
complete-q3-v1-electricity-20260919T0500Z,2026-09-19T05:00:00Z,454,kWh,PLANT-B,true,maverick-q3-2026-complete-v1
complete-q3-v1-electricity-20260919T0600Z,2026-09-19T06:00:00Z,454,kWh,PLANT-B,true,maverick-q3-2026-complete-v1
complete-q3-v1-electricity-20260919T0700Z,2026-09-19T07:00:00Z,514,kWh,PLANT-B,true,maverick-q3-2026-complete-v1
complete-q3-v1-electricity-20260919T0800Z,2026-09-19T08:00:00Z,514,kWh,PLANT-B,true,maverick-q3-2026-complete-v1
complete-q3-v1-electricity-20260919T0900Z,2026-09-19T09:00:00Z,514,kWh,PLANT-B,true,maverick-q3-2026-complete-v1
complete-q3-v1-electricity-20260919T1000Z,2026-09-19T10:00:00Z,514,kWh,PLANT-B,true,maverick-q3-2026-complete-v1
complete-q3-v1-electricity-20260919T1100Z,2026-09-19T11:00:00Z,514,kWh,PLANT-B,true,maverick-q3-2026-complete-v1
complete-q3-v1-electricity-20260919T1200Z,2026-09-19T12:00:00Z,514,kWh,PLANT-B,true,maverick-q3-2026-complete-v1
complete-q3-v1-electricity-20260919T1300Z,2026-09-19T13:00:00Z,514,kWh,PLANT-B,true,maverick-q3-2026-complete-v1
complete-q3-v1-electricity-20260919T1400Z,2026-09-19T14:00:00Z,514,kWh,PLANT-B,true,maverick-q3-2026-complete-v1
complete-q3-v1-electricity-20260919T1500Z,2026-09-19T15:00:00Z,514,kWh,PLANT-B,true,maverick-q3-2026-complete-v1
complete-q3-v1-electricity-20260919T1600Z,2026-09-19T16:00:00Z,514,kWh,PLANT-B,true,maverick-q3-2026-complete-v1
complete-q3-v1-electricity-20260919T1700Z,2026-09-19T17:00:00Z,514,kWh,PLANT-B,true,maverick-q3-2026-complete-v1
complete-q3-v1-electricity-20260919T1800Z,2026-09-19T18:00:00Z,514,kWh,PLANT-B,true,maverick-q3-2026-complete-v1
complete-q3-v1-electricity-20260919T1900Z,2026-09-19T19:00:00Z,454,kWh,PLANT-B,true,maverick-q3-2026-complete-v1
complete-q3-v1-electricity-20260919T2000Z,2026-09-19T20:00:00Z,454,kWh,PLANT-B,true,maverick-q3-2026-complete-v1
complete-q3-v1-electricity-20260919T2100Z,2026-09-19T21:00:00Z,454,kWh,PLANT-B,true,maverick-q3-2026-complete-v1
complete-q3-v1-electricity-20260919T2200Z,2026-09-19T22:00:00Z,454,kWh,PLANT-B,true,maverick-q3-2026-complete-v1
complete-q3-v1-electricity-20260919T2300Z,2026-09-19T23:00:00Z,454,kWh,PLANT-B,true,maverick-q3-2026-complete-v1
complete-q3-v1-electricity-20260920T0000Z,2026-09-20T00:00:00Z,457,kWh,PLANT-B,true,maverick-q3-2026-complete-v1
complete-q3-v1-electricity-20260920T0100Z,2026-09-20T01:00:00Z,457,kWh,PLANT-B,true,maverick-q3-2026-complete-v1
complete-q3-v1-electricity-20260920T0200Z,2026-09-20T02:00:00Z,457,kWh,PLANT-B,true,maverick-q3-2026-complete-v1
complete-q3-v1-electricity-20260920T0300Z,2026-09-20T03:00:00Z,457,kWh,PLANT-B,true,maverick-q3-2026-complete-v1
complete-q3-v1-electricity-20260920T0400Z,2026-09-20T04:00:00Z,457,kWh,PLANT-B,true,maverick-q3-2026-complete-v1
complete-q3-v1-electricity-20260920T0500Z,2026-09-20T05:00:00Z,457,kWh,PLANT-B,true,maverick-q3-2026-complete-v1
complete-q3-v1-electricity-20260920T0600Z,2026-09-20T06:00:00Z,457,kWh,PLANT-B,true,maverick-q3-2026-complete-v1
complete-q3-v1-electricity-20260920T0700Z,2026-09-20T07:00:00Z,517,kWh,PLANT-B,true,maverick-q3-2026-complete-v1
complete-q3-v1-electricity-20260920T0800Z,2026-09-20T08:00:00Z,517,kWh,PLANT-B,true,maverick-q3-2026-complete-v1
complete-q3-v1-electricity-20260920T0900Z,2026-09-20T09:00:00Z,517,kWh,PLANT-B,true,maverick-q3-2026-complete-v1
complete-q3-v1-electricity-20260920T1000Z,2026-09-20T10:00:00Z,517,kWh,PLANT-B,true,maverick-q3-2026-complete-v1
complete-q3-v1-electricity-20260920T1100Z,2026-09-20T11:00:00Z,517,kWh,PLANT-B,true,maverick-q3-2026-complete-v1
complete-q3-v1-electricity-20260920T1200Z,2026-09-20T12:00:00Z,517,kWh,PLANT-B,true,maverick-q3-2026-complete-v1
complete-q3-v1-electricity-20260920T1300Z,2026-09-20T13:00:00Z,517,kWh,PLANT-B,true,maverick-q3-2026-complete-v1
complete-q3-v1-electricity-20260920T1400Z,2026-09-20T14:00:00Z,517,kWh,PLANT-B,true,maverick-q3-2026-complete-v1
complete-q3-v1-electricity-20260920T1500Z,2026-09-20T15:00:00Z,517,kWh,PLANT-B,true,maverick-q3-2026-complete-v1
complete-q3-v1-electricity-20260920T1600Z,2026-09-20T16:00:00Z,517,kWh,PLANT-B,true,maverick-q3-2026-complete-v1
complete-q3-v1-electricity-20260920T1700Z,2026-09-20T17:00:00Z,517,kWh,PLANT-B,true,maverick-q3-2026-complete-v1
complete-q3-v1-electricity-20260920T1800Z,2026-09-20T18:00:00Z,517,kWh,PLANT-B,true,maverick-q3-2026-complete-v1
complete-q3-v1-electricity-20260920T1900Z,2026-09-20T19:00:00Z,457,kWh,PLANT-B,true,maverick-q3-2026-complete-v1
complete-q3-v1-electricity-20260920T2000Z,2026-09-20T20:00:00Z,457,kWh,PLANT-B,true,maverick-q3-2026-complete-v1
complete-q3-v1-electricity-20260920T2100Z,2026-09-20T21:00:00Z,457,kWh,PLANT-B,true,maverick-q3-2026-complete-v1
complete-q3-v1-electricity-20260920T2200Z,2026-09-20T22:00:00Z,457,kWh,PLANT-B,true,maverick-q3-2026-complete-v1
complete-q3-v1-electricity-20260920T2300Z,2026-09-20T23:00:00Z,457,kWh,PLANT-B,true,maverick-q3-2026-complete-v1
complete-q3-v1-electricity-20260921T0000Z,2026-09-21T00:00:00Z,469,kWh,PLANT-B,true,maverick-q3-2026-complete-v1
complete-q3-v1-electricity-20260921T0100Z,2026-09-21T01:00:00Z,469,kWh,PLANT-B,true,maverick-q3-2026-complete-v1
complete-q3-v1-electricity-20260921T0200Z,2026-09-21T02:00:00Z,469,kWh,PLANT-B,true,maverick-q3-2026-complete-v1
complete-q3-v1-electricity-20260921T0300Z,2026-09-21T03:00:00Z,469,kWh,PLANT-B,true,maverick-q3-2026-complete-v1
complete-q3-v1-electricity-20260921T0400Z,2026-09-21T04:00:00Z,469,kWh,PLANT-B,true,maverick-q3-2026-complete-v1
complete-q3-v1-electricity-20260921T0500Z,2026-09-21T05:00:00Z,469,kWh,PLANT-B,true,maverick-q3-2026-complete-v1
complete-q3-v1-electricity-20260921T0600Z,2026-09-21T06:00:00Z,469,kWh,PLANT-B,true,maverick-q3-2026-complete-v1
complete-q3-v1-electricity-20260921T0700Z,2026-09-21T07:00:00Z,529,kWh,PLANT-B,true,maverick-q3-2026-complete-v1
complete-q3-v1-electricity-20260921T0800Z,2026-09-21T08:00:00Z,529,kWh,PLANT-B,true,maverick-q3-2026-complete-v1
complete-q3-v1-electricity-20260921T0900Z,2026-09-21T09:00:00Z,529,kWh,PLANT-B,true,maverick-q3-2026-complete-v1
complete-q3-v1-electricity-20260921T1000Z,2026-09-21T10:00:00Z,529,kWh,PLANT-B,true,maverick-q3-2026-complete-v1
complete-q3-v1-electricity-20260921T1100Z,2026-09-21T11:00:00Z,529,kWh,PLANT-B,true,maverick-q3-2026-complete-v1
complete-q3-v1-electricity-20260921T1200Z,2026-09-21T12:00:00Z,529,kWh,PLANT-B,true,maverick-q3-2026-complete-v1
complete-q3-v1-electricity-20260921T1300Z,2026-09-21T13:00:00Z,529,kWh,PLANT-B,true,maverick-q3-2026-complete-v1
complete-q3-v1-electricity-20260921T1400Z,2026-09-21T14:00:00Z,529,kWh,PLANT-B,true,maverick-q3-2026-complete-v1
complete-q3-v1-electricity-20260921T1500Z,2026-09-21T15:00:00Z,529,kWh,PLANT-B,true,maverick-q3-2026-complete-v1
complete-q3-v1-electricity-20260921T1600Z,2026-09-21T16:00:00Z,529,kWh,PLANT-B,true,maverick-q3-2026-complete-v1
complete-q3-v1-electricity-20260921T1700Z,2026-09-21T17:00:00Z,529,kWh,PLANT-B,true,maverick-q3-2026-complete-v1
complete-q3-v1-electricity-20260921T1800Z,2026-09-21T18:00:00Z,529,kWh,PLANT-B,true,maverick-q3-2026-complete-v1
complete-q3-v1-electricity-20260921T1900Z,2026-09-21T19:00:00Z,469,kWh,PLANT-B,true,maverick-q3-2026-complete-v1
complete-q3-v1-electricity-20260921T2000Z,2026-09-21T20:00:00Z,469,kWh,PLANT-B,true,maverick-q3-2026-complete-v1
complete-q3-v1-electricity-20260921T2100Z,2026-09-21T21:00:00Z,469,kWh,PLANT-B,true,maverick-q3-2026-complete-v1
complete-q3-v1-electricity-20260921T2200Z,2026-09-21T22:00:00Z,469,kWh,PLANT-B,true,maverick-q3-2026-complete-v1
complete-q3-v1-electricity-20260921T2300Z,2026-09-21T23:00:00Z,469,kWh,PLANT-B,true,maverick-q3-2026-complete-v1
complete-q3-v1-electricity-20260922T0000Z,2026-09-22T00:00:00Z,472,kWh,PLANT-B,true,maverick-q3-2026-complete-v1
complete-q3-v1-electricity-20260922T0100Z,2026-09-22T01:00:00Z,472,kWh,PLANT-B,true,maverick-q3-2026-complete-v1
complete-q3-v1-electricity-20260922T0200Z,2026-09-22T02:00:00Z,472,kWh,PLANT-B,true,maverick-q3-2026-complete-v1
complete-q3-v1-electricity-20260922T0300Z,2026-09-22T03:00:00Z,472,kWh,PLANT-B,true,maverick-q3-2026-complete-v1
complete-q3-v1-electricity-20260922T0400Z,2026-09-22T04:00:00Z,472,kWh,PLANT-B,true,maverick-q3-2026-complete-v1
complete-q3-v1-electricity-20260922T0500Z,2026-09-22T05:00:00Z,472,kWh,PLANT-B,true,maverick-q3-2026-complete-v1
complete-q3-v1-electricity-20260922T0600Z,2026-09-22T06:00:00Z,472,kWh,PLANT-B,true,maverick-q3-2026-complete-v1
complete-q3-v1-electricity-20260922T0700Z,2026-09-22T07:00:00Z,532,kWh,PLANT-B,true,maverick-q3-2026-complete-v1
complete-q3-v1-electricity-20260922T0800Z,2026-09-22T08:00:00Z,532,kWh,PLANT-B,true,maverick-q3-2026-complete-v1
complete-q3-v1-electricity-20260922T0900Z,2026-09-22T09:00:00Z,532,kWh,PLANT-B,true,maverick-q3-2026-complete-v1
complete-q3-v1-electricity-20260922T1000Z,2026-09-22T10:00:00Z,532,kWh,PLANT-B,true,maverick-q3-2026-complete-v1
complete-q3-v1-electricity-20260922T1100Z,2026-09-22T11:00:00Z,532,kWh,PLANT-B,true,maverick-q3-2026-complete-v1
complete-q3-v1-electricity-20260922T1200Z,2026-09-22T12:00:00Z,532,kWh,PLANT-B,true,maverick-q3-2026-complete-v1
complete-q3-v1-electricity-20260922T1300Z,2026-09-22T13:00:00Z,532,kWh,PLANT-B,true,maverick-q3-2026-complete-v1
complete-q3-v1-electricity-20260922T1400Z,2026-09-22T14:00:00Z,532,kWh,PLANT-B,true,maverick-q3-2026-complete-v1
complete-q3-v1-electricity-20260922T1500Z,2026-09-22T15:00:00Z,532,kWh,PLANT-B,true,maverick-q3-2026-complete-v1
complete-q3-v1-electricity-20260922T1600Z,2026-09-22T16:00:00Z,532,kWh,PLANT-B,true,maverick-q3-2026-complete-v1
complete-q3-v1-electricity-20260922T1700Z,2026-09-22T17:00:00Z,532,kWh,PLANT-B,true,maverick-q3-2026-complete-v1
complete-q3-v1-electricity-20260922T1800Z,2026-09-22T18:00:00Z,532,kWh,PLANT-B,true,maverick-q3-2026-complete-v1
complete-q3-v1-electricity-20260922T1900Z,2026-09-22T19:00:00Z,472,kWh,PLANT-B,true,maverick-q3-2026-complete-v1
complete-q3-v1-electricity-20260922T2000Z,2026-09-22T20:00:00Z,472,kWh,PLANT-B,true,maverick-q3-2026-complete-v1
complete-q3-v1-electricity-20260922T2100Z,2026-09-22T21:00:00Z,472,kWh,PLANT-B,true,maverick-q3-2026-complete-v1
complete-q3-v1-electricity-20260922T2200Z,2026-09-22T22:00:00Z,472,kWh,PLANT-B,true,maverick-q3-2026-complete-v1
complete-q3-v1-electricity-20260922T2300Z,2026-09-22T23:00:00Z,472,kWh,PLANT-B,true,maverick-q3-2026-complete-v1
complete-q3-v1-electricity-20260923T0000Z,2026-09-23T00:00:00Z,475,kWh,PLANT-B,true,maverick-q3-2026-complete-v1
complete-q3-v1-electricity-20260923T0100Z,2026-09-23T01:00:00Z,475,kWh,PLANT-B,true,maverick-q3-2026-complete-v1
complete-q3-v1-electricity-20260923T0200Z,2026-09-23T02:00:00Z,475,kWh,PLANT-B,true,maverick-q3-2026-complete-v1
complete-q3-v1-electricity-20260923T0300Z,2026-09-23T03:00:00Z,475,kWh,PLANT-B,true,maverick-q3-2026-complete-v1
complete-q3-v1-electricity-20260923T0400Z,2026-09-23T04:00:00Z,475,kWh,PLANT-B,true,maverick-q3-2026-complete-v1
complete-q3-v1-electricity-20260923T0500Z,2026-09-23T05:00:00Z,475,kWh,PLANT-B,true,maverick-q3-2026-complete-v1
complete-q3-v1-electricity-20260923T0600Z,2026-09-23T06:00:00Z,475,kWh,PLANT-B,true,maverick-q3-2026-complete-v1
complete-q3-v1-electricity-20260923T0700Z,2026-09-23T07:00:00Z,535,kWh,PLANT-B,true,maverick-q3-2026-complete-v1
complete-q3-v1-electricity-20260923T0800Z,2026-09-23T08:00:00Z,535,kWh,PLANT-B,true,maverick-q3-2026-complete-v1
complete-q3-v1-electricity-20260923T0900Z,2026-09-23T09:00:00Z,535,kWh,PLANT-B,true,maverick-q3-2026-complete-v1
complete-q3-v1-electricity-20260923T1000Z,2026-09-23T10:00:00Z,535,kWh,PLANT-B,true,maverick-q3-2026-complete-v1
complete-q3-v1-electricity-20260923T1100Z,2026-09-23T11:00:00Z,535,kWh,PLANT-B,true,maverick-q3-2026-complete-v1
complete-q3-v1-electricity-20260923T1200Z,2026-09-23T12:00:00Z,535,kWh,PLANT-B,true,maverick-q3-2026-complete-v1
complete-q3-v1-electricity-20260923T1300Z,2026-09-23T13:00:00Z,535,kWh,PLANT-B,true,maverick-q3-2026-complete-v1
complete-q3-v1-electricity-20260923T1400Z,2026-09-23T14:00:00Z,535,kWh,PLANT-B,true,maverick-q3-2026-complete-v1
complete-q3-v1-electricity-20260923T1500Z,2026-09-23T15:00:00Z,535,kWh,PLANT-B,true,maverick-q3-2026-complete-v1
complete-q3-v1-electricity-20260923T1600Z,2026-09-23T16:00:00Z,535,kWh,PLANT-B,true,maverick-q3-2026-complete-v1
complete-q3-v1-electricity-20260923T1700Z,2026-09-23T17:00:00Z,535,kWh,PLANT-B,true,maverick-q3-2026-complete-v1
complete-q3-v1-electricity-20260923T1800Z,2026-09-23T18:00:00Z,535,kWh,PLANT-B,true,maverick-q3-2026-complete-v1
complete-q3-v1-electricity-20260923T1900Z,2026-09-23T19:00:00Z,475,kWh,PLANT-B,true,maverick-q3-2026-complete-v1
complete-q3-v1-electricity-20260923T2000Z,2026-09-23T20:00:00Z,475,kWh,PLANT-B,true,maverick-q3-2026-complete-v1
complete-q3-v1-electricity-20260923T2100Z,2026-09-23T21:00:00Z,475,kWh,PLANT-B,true,maverick-q3-2026-complete-v1
complete-q3-v1-electricity-20260923T2200Z,2026-09-23T22:00:00Z,475,kWh,PLANT-B,true,maverick-q3-2026-complete-v1
complete-q3-v1-electricity-20260923T2300Z,2026-09-23T23:00:00Z,475,kWh,PLANT-B,true,maverick-q3-2026-complete-v1
complete-q3-v1-electricity-20260924T0000Z,2026-09-24T00:00:00Z,478,kWh,PLANT-B,true,maverick-q3-2026-complete-v1
complete-q3-v1-electricity-20260924T0100Z,2026-09-24T01:00:00Z,478,kWh,PLANT-B,true,maverick-q3-2026-complete-v1
complete-q3-v1-electricity-20260924T0200Z,2026-09-24T02:00:00Z,478,kWh,PLANT-B,true,maverick-q3-2026-complete-v1
complete-q3-v1-electricity-20260924T0300Z,2026-09-24T03:00:00Z,478,kWh,PLANT-B,true,maverick-q3-2026-complete-v1
complete-q3-v1-electricity-20260924T0400Z,2026-09-24T04:00:00Z,478,kWh,PLANT-B,true,maverick-q3-2026-complete-v1
complete-q3-v1-electricity-20260924T0500Z,2026-09-24T05:00:00Z,478,kWh,PLANT-B,true,maverick-q3-2026-complete-v1
complete-q3-v1-electricity-20260924T0600Z,2026-09-24T06:00:00Z,478,kWh,PLANT-B,true,maverick-q3-2026-complete-v1
complete-q3-v1-electricity-20260924T0700Z,2026-09-24T07:00:00Z,538,kWh,PLANT-B,true,maverick-q3-2026-complete-v1
complete-q3-v1-electricity-20260924T0800Z,2026-09-24T08:00:00Z,538,kWh,PLANT-B,true,maverick-q3-2026-complete-v1
complete-q3-v1-electricity-20260924T0900Z,2026-09-24T09:00:00Z,538,kWh,PLANT-B,true,maverick-q3-2026-complete-v1
complete-q3-v1-electricity-20260924T1000Z,2026-09-24T10:00:00Z,538,kWh,PLANT-B,true,maverick-q3-2026-complete-v1
complete-q3-v1-electricity-20260924T1100Z,2026-09-24T11:00:00Z,538,kWh,PLANT-B,true,maverick-q3-2026-complete-v1
complete-q3-v1-electricity-20260924T1200Z,2026-09-24T12:00:00Z,538,kWh,PLANT-B,true,maverick-q3-2026-complete-v1
complete-q3-v1-electricity-20260924T1300Z,2026-09-24T13:00:00Z,538,kWh,PLANT-B,true,maverick-q3-2026-complete-v1
complete-q3-v1-electricity-20260924T1400Z,2026-09-24T14:00:00Z,538,kWh,PLANT-B,true,maverick-q3-2026-complete-v1
complete-q3-v1-electricity-20260924T1500Z,2026-09-24T15:00:00Z,538,kWh,PLANT-B,true,maverick-q3-2026-complete-v1
complete-q3-v1-electricity-20260924T1600Z,2026-09-24T16:00:00Z,538,kWh,PLANT-B,true,maverick-q3-2026-complete-v1
complete-q3-v1-electricity-20260924T1700Z,2026-09-24T17:00:00Z,538,kWh,PLANT-B,true,maverick-q3-2026-complete-v1
complete-q3-v1-electricity-20260924T1800Z,2026-09-24T18:00:00Z,538,kWh,PLANT-B,true,maverick-q3-2026-complete-v1
complete-q3-v1-electricity-20260924T1900Z,2026-09-24T19:00:00Z,478,kWh,PLANT-B,true,maverick-q3-2026-complete-v1
complete-q3-v1-electricity-20260924T2000Z,2026-09-24T20:00:00Z,478,kWh,PLANT-B,true,maverick-q3-2026-complete-v1
complete-q3-v1-electricity-20260924T2100Z,2026-09-24T21:00:00Z,478,kWh,PLANT-B,true,maverick-q3-2026-complete-v1
complete-q3-v1-electricity-20260924T2200Z,2026-09-24T22:00:00Z,478,kWh,PLANT-B,true,maverick-q3-2026-complete-v1
complete-q3-v1-electricity-20260924T2300Z,2026-09-24T23:00:00Z,478,kWh,PLANT-B,true,maverick-q3-2026-complete-v1
complete-q3-v1-electricity-20260925T0000Z,2026-09-25T00:00:00Z,481,kWh,PLANT-B,true,maverick-q3-2026-complete-v1
complete-q3-v1-electricity-20260925T0100Z,2026-09-25T01:00:00Z,481,kWh,PLANT-B,true,maverick-q3-2026-complete-v1
complete-q3-v1-electricity-20260925T0200Z,2026-09-25T02:00:00Z,481,kWh,PLANT-B,true,maverick-q3-2026-complete-v1
complete-q3-v1-electricity-20260925T0300Z,2026-09-25T03:00:00Z,481,kWh,PLANT-B,true,maverick-q3-2026-complete-v1
complete-q3-v1-electricity-20260925T0400Z,2026-09-25T04:00:00Z,481,kWh,PLANT-B,true,maverick-q3-2026-complete-v1
complete-q3-v1-electricity-20260925T0500Z,2026-09-25T05:00:00Z,481,kWh,PLANT-B,true,maverick-q3-2026-complete-v1
complete-q3-v1-electricity-20260925T0600Z,2026-09-25T06:00:00Z,481,kWh,PLANT-B,true,maverick-q3-2026-complete-v1
complete-q3-v1-electricity-20260925T0700Z,2026-09-25T07:00:00Z,541,kWh,PLANT-B,true,maverick-q3-2026-complete-v1
complete-q3-v1-electricity-20260925T0800Z,2026-09-25T08:00:00Z,541,kWh,PLANT-B,true,maverick-q3-2026-complete-v1
complete-q3-v1-electricity-20260925T0900Z,2026-09-25T09:00:00Z,541,kWh,PLANT-B,true,maverick-q3-2026-complete-v1
complete-q3-v1-electricity-20260925T1000Z,2026-09-25T10:00:00Z,541,kWh,PLANT-B,true,maverick-q3-2026-complete-v1
complete-q3-v1-electricity-20260925T1100Z,2026-09-25T11:00:00Z,541,kWh,PLANT-B,true,maverick-q3-2026-complete-v1
complete-q3-v1-electricity-20260925T1200Z,2026-09-25T12:00:00Z,541,kWh,PLANT-B,true,maverick-q3-2026-complete-v1
complete-q3-v1-electricity-20260925T1300Z,2026-09-25T13:00:00Z,541,kWh,PLANT-B,true,maverick-q3-2026-complete-v1
complete-q3-v1-electricity-20260925T1400Z,2026-09-25T14:00:00Z,541,kWh,PLANT-B,true,maverick-q3-2026-complete-v1
complete-q3-v1-electricity-20260925T1500Z,2026-09-25T15:00:00Z,541,kWh,PLANT-B,true,maverick-q3-2026-complete-v1
complete-q3-v1-electricity-20260925T1600Z,2026-09-25T16:00:00Z,541,kWh,PLANT-B,true,maverick-q3-2026-complete-v1
complete-q3-v1-electricity-20260925T1700Z,2026-09-25T17:00:00Z,541,kWh,PLANT-B,true,maverick-q3-2026-complete-v1
complete-q3-v1-electricity-20260925T1800Z,2026-09-25T18:00:00Z,541,kWh,PLANT-B,true,maverick-q3-2026-complete-v1
complete-q3-v1-electricity-20260925T1900Z,2026-09-25T19:00:00Z,481,kWh,PLANT-B,true,maverick-q3-2026-complete-v1
complete-q3-v1-electricity-20260925T2000Z,2026-09-25T20:00:00Z,481,kWh,PLANT-B,true,maverick-q3-2026-complete-v1
complete-q3-v1-electricity-20260925T2100Z,2026-09-25T21:00:00Z,481,kWh,PLANT-B,true,maverick-q3-2026-complete-v1
complete-q3-v1-electricity-20260925T2200Z,2026-09-25T22:00:00Z,481,kWh,PLANT-B,true,maverick-q3-2026-complete-v1
complete-q3-v1-electricity-20260925T2300Z,2026-09-25T23:00:00Z,481,kWh,PLANT-B,true,maverick-q3-2026-complete-v1
complete-q3-v1-electricity-20260926T0000Z,2026-09-26T00:00:00Z,442,kWh,PLANT-B,true,maverick-q3-2026-complete-v1
complete-q3-v1-electricity-20260926T0100Z,2026-09-26T01:00:00Z,442,kWh,PLANT-B,true,maverick-q3-2026-complete-v1
complete-q3-v1-electricity-20260926T0200Z,2026-09-26T02:00:00Z,442,kWh,PLANT-B,true,maverick-q3-2026-complete-v1
complete-q3-v1-electricity-20260926T0300Z,2026-09-26T03:00:00Z,442,kWh,PLANT-B,true,maverick-q3-2026-complete-v1
complete-q3-v1-electricity-20260926T0400Z,2026-09-26T04:00:00Z,442,kWh,PLANT-B,true,maverick-q3-2026-complete-v1
complete-q3-v1-electricity-20260926T0500Z,2026-09-26T05:00:00Z,442,kWh,PLANT-B,true,maverick-q3-2026-complete-v1
complete-q3-v1-electricity-20260926T0600Z,2026-09-26T06:00:00Z,442,kWh,PLANT-B,true,maverick-q3-2026-complete-v1
complete-q3-v1-electricity-20260926T0700Z,2026-09-26T07:00:00Z,502,kWh,PLANT-B,true,maverick-q3-2026-complete-v1
complete-q3-v1-electricity-20260926T0800Z,2026-09-26T08:00:00Z,502,kWh,PLANT-B,true,maverick-q3-2026-complete-v1
complete-q3-v1-electricity-20260926T0900Z,2026-09-26T09:00:00Z,502,kWh,PLANT-B,true,maverick-q3-2026-complete-v1
complete-q3-v1-electricity-20260926T1000Z,2026-09-26T10:00:00Z,502,kWh,PLANT-B,true,maverick-q3-2026-complete-v1
complete-q3-v1-electricity-20260926T1100Z,2026-09-26T11:00:00Z,502,kWh,PLANT-B,true,maverick-q3-2026-complete-v1
complete-q3-v1-electricity-20260926T1200Z,2026-09-26T12:00:00Z,502,kWh,PLANT-B,true,maverick-q3-2026-complete-v1
complete-q3-v1-electricity-20260926T1300Z,2026-09-26T13:00:00Z,502,kWh,PLANT-B,true,maverick-q3-2026-complete-v1
complete-q3-v1-electricity-20260926T1400Z,2026-09-26T14:00:00Z,502,kWh,PLANT-B,true,maverick-q3-2026-complete-v1
complete-q3-v1-electricity-20260926T1500Z,2026-09-26T15:00:00Z,502,kWh,PLANT-B,true,maverick-q3-2026-complete-v1
complete-q3-v1-electricity-20260926T1600Z,2026-09-26T16:00:00Z,502,kWh,PLANT-B,true,maverick-q3-2026-complete-v1
complete-q3-v1-electricity-20260926T1700Z,2026-09-26T17:00:00Z,502,kWh,PLANT-B,true,maverick-q3-2026-complete-v1
complete-q3-v1-electricity-20260926T1800Z,2026-09-26T18:00:00Z,502,kWh,PLANT-B,true,maverick-q3-2026-complete-v1
complete-q3-v1-electricity-20260926T1900Z,2026-09-26T19:00:00Z,442,kWh,PLANT-B,true,maverick-q3-2026-complete-v1
complete-q3-v1-electricity-20260926T2000Z,2026-09-26T20:00:00Z,442,kWh,PLANT-B,true,maverick-q3-2026-complete-v1
complete-q3-v1-electricity-20260926T2100Z,2026-09-26T21:00:00Z,442,kWh,PLANT-B,true,maverick-q3-2026-complete-v1
complete-q3-v1-electricity-20260926T2200Z,2026-09-26T22:00:00Z,442,kWh,PLANT-B,true,maverick-q3-2026-complete-v1
complete-q3-v1-electricity-20260926T2300Z,2026-09-26T23:00:00Z,442,kWh,PLANT-B,true,maverick-q3-2026-complete-v1
complete-q3-v1-electricity-20260927T0000Z,2026-09-27T00:00:00Z,445,kWh,PLANT-B,true,maverick-q3-2026-complete-v1
complete-q3-v1-electricity-20260927T0100Z,2026-09-27T01:00:00Z,445,kWh,PLANT-B,true,maverick-q3-2026-complete-v1
complete-q3-v1-electricity-20260927T0200Z,2026-09-27T02:00:00Z,445,kWh,PLANT-B,true,maverick-q3-2026-complete-v1
complete-q3-v1-electricity-20260927T0300Z,2026-09-27T03:00:00Z,445,kWh,PLANT-B,true,maverick-q3-2026-complete-v1
complete-q3-v1-electricity-20260927T0400Z,2026-09-27T04:00:00Z,445,kWh,PLANT-B,true,maverick-q3-2026-complete-v1
complete-q3-v1-electricity-20260927T0500Z,2026-09-27T05:00:00Z,445,kWh,PLANT-B,true,maverick-q3-2026-complete-v1
complete-q3-v1-electricity-20260927T0600Z,2026-09-27T06:00:00Z,445,kWh,PLANT-B,true,maverick-q3-2026-complete-v1
complete-q3-v1-electricity-20260927T0700Z,2026-09-27T07:00:00Z,505,kWh,PLANT-B,true,maverick-q3-2026-complete-v1
complete-q3-v1-electricity-20260927T0800Z,2026-09-27T08:00:00Z,505,kWh,PLANT-B,true,maverick-q3-2026-complete-v1
complete-q3-v1-electricity-20260927T0900Z,2026-09-27T09:00:00Z,505,kWh,PLANT-B,true,maverick-q3-2026-complete-v1
complete-q3-v1-electricity-20260927T1000Z,2026-09-27T10:00:00Z,505,kWh,PLANT-B,true,maverick-q3-2026-complete-v1
complete-q3-v1-electricity-20260927T1100Z,2026-09-27T11:00:00Z,505,kWh,PLANT-B,true,maverick-q3-2026-complete-v1
complete-q3-v1-electricity-20260927T1200Z,2026-09-27T12:00:00Z,505,kWh,PLANT-B,true,maverick-q3-2026-complete-v1
complete-q3-v1-electricity-20260927T1300Z,2026-09-27T13:00:00Z,505,kWh,PLANT-B,true,maverick-q3-2026-complete-v1
complete-q3-v1-electricity-20260927T1400Z,2026-09-27T14:00:00Z,505,kWh,PLANT-B,true,maverick-q3-2026-complete-v1
complete-q3-v1-electricity-20260927T1500Z,2026-09-27T15:00:00Z,505,kWh,PLANT-B,true,maverick-q3-2026-complete-v1
complete-q3-v1-electricity-20260927T1600Z,2026-09-27T16:00:00Z,505,kWh,PLANT-B,true,maverick-q3-2026-complete-v1
complete-q3-v1-electricity-20260927T1700Z,2026-09-27T17:00:00Z,505,kWh,PLANT-B,true,maverick-q3-2026-complete-v1
complete-q3-v1-electricity-20260927T1800Z,2026-09-27T18:00:00Z,505,kWh,PLANT-B,true,maverick-q3-2026-complete-v1
complete-q3-v1-electricity-20260927T1900Z,2026-09-27T19:00:00Z,445,kWh,PLANT-B,true,maverick-q3-2026-complete-v1
complete-q3-v1-electricity-20260927T2000Z,2026-09-27T20:00:00Z,445,kWh,PLANT-B,true,maverick-q3-2026-complete-v1
complete-q3-v1-electricity-20260927T2100Z,2026-09-27T21:00:00Z,445,kWh,PLANT-B,true,maverick-q3-2026-complete-v1
complete-q3-v1-electricity-20260927T2200Z,2026-09-27T22:00:00Z,445,kWh,PLANT-B,true,maverick-q3-2026-complete-v1
complete-q3-v1-electricity-20260927T2300Z,2026-09-27T23:00:00Z,445,kWh,PLANT-B,true,maverick-q3-2026-complete-v1
complete-q3-v1-electricity-20260928T0000Z,2026-09-28T00:00:00Z,490,kWh,PLANT-B,true,maverick-q3-2026-complete-v1
complete-q3-v1-electricity-20260928T0100Z,2026-09-28T01:00:00Z,490,kWh,PLANT-B,true,maverick-q3-2026-complete-v1
complete-q3-v1-electricity-20260928T0200Z,2026-09-28T02:00:00Z,490,kWh,PLANT-B,true,maverick-q3-2026-complete-v1
complete-q3-v1-electricity-20260928T0300Z,2026-09-28T03:00:00Z,490,kWh,PLANT-B,true,maverick-q3-2026-complete-v1
complete-q3-v1-electricity-20260928T0400Z,2026-09-28T04:00:00Z,490,kWh,PLANT-B,true,maverick-q3-2026-complete-v1
complete-q3-v1-electricity-20260928T0500Z,2026-09-28T05:00:00Z,490,kWh,PLANT-B,true,maverick-q3-2026-complete-v1
complete-q3-v1-electricity-20260928T0600Z,2026-09-28T06:00:00Z,490,kWh,PLANT-B,true,maverick-q3-2026-complete-v1
complete-q3-v1-electricity-20260928T0700Z,2026-09-28T07:00:00Z,550,kWh,PLANT-B,true,maverick-q3-2026-complete-v1
complete-q3-v1-electricity-20260928T0800Z,2026-09-28T08:00:00Z,550,kWh,PLANT-B,true,maverick-q3-2026-complete-v1
complete-q3-v1-electricity-20260928T0900Z,2026-09-28T09:00:00Z,550,kWh,PLANT-B,true,maverick-q3-2026-complete-v1
complete-q3-v1-electricity-20260928T1000Z,2026-09-28T10:00:00Z,550,kWh,PLANT-B,true,maverick-q3-2026-complete-v1
complete-q3-v1-electricity-20260928T1100Z,2026-09-28T11:00:00Z,550,kWh,PLANT-B,true,maverick-q3-2026-complete-v1
complete-q3-v1-electricity-20260928T1200Z,2026-09-28T12:00:00Z,550,kWh,PLANT-B,true,maverick-q3-2026-complete-v1
complete-q3-v1-electricity-20260928T1300Z,2026-09-28T13:00:00Z,550,kWh,PLANT-B,true,maverick-q3-2026-complete-v1
complete-q3-v1-electricity-20260928T1400Z,2026-09-28T14:00:00Z,550,kWh,PLANT-B,true,maverick-q3-2026-complete-v1
complete-q3-v1-electricity-20260928T1500Z,2026-09-28T15:00:00Z,550,kWh,PLANT-B,true,maverick-q3-2026-complete-v1
complete-q3-v1-electricity-20260928T1600Z,2026-09-28T16:00:00Z,550,kWh,PLANT-B,true,maverick-q3-2026-complete-v1
complete-q3-v1-electricity-20260928T1700Z,2026-09-28T17:00:00Z,550,kWh,PLANT-B,true,maverick-q3-2026-complete-v1
complete-q3-v1-electricity-20260928T1800Z,2026-09-28T18:00:00Z,550,kWh,PLANT-B,true,maverick-q3-2026-complete-v1
complete-q3-v1-electricity-20260928T1900Z,2026-09-28T19:00:00Z,490,kWh,PLANT-B,true,maverick-q3-2026-complete-v1
complete-q3-v1-electricity-20260928T2000Z,2026-09-28T20:00:00Z,490,kWh,PLANT-B,true,maverick-q3-2026-complete-v1
complete-q3-v1-electricity-20260928T2100Z,2026-09-28T21:00:00Z,490,kWh,PLANT-B,true,maverick-q3-2026-complete-v1
complete-q3-v1-electricity-20260928T2200Z,2026-09-28T22:00:00Z,490,kWh,PLANT-B,true,maverick-q3-2026-complete-v1
complete-q3-v1-electricity-20260928T2300Z,2026-09-28T23:00:00Z,490,kWh,PLANT-B,true,maverick-q3-2026-complete-v1
complete-q3-v1-electricity-20260929T0000Z,2026-09-29T00:00:00Z,493,kWh,PLANT-B,true,maverick-q3-2026-complete-v1
complete-q3-v1-electricity-20260929T0100Z,2026-09-29T01:00:00Z,493,kWh,PLANT-B,true,maverick-q3-2026-complete-v1
complete-q3-v1-electricity-20260929T0200Z,2026-09-29T02:00:00Z,493,kWh,PLANT-B,true,maverick-q3-2026-complete-v1
complete-q3-v1-electricity-20260929T0300Z,2026-09-29T03:00:00Z,493,kWh,PLANT-B,true,maverick-q3-2026-complete-v1
complete-q3-v1-electricity-20260929T0400Z,2026-09-29T04:00:00Z,493,kWh,PLANT-B,true,maverick-q3-2026-complete-v1
complete-q3-v1-electricity-20260929T0500Z,2026-09-29T05:00:00Z,493,kWh,PLANT-B,true,maverick-q3-2026-complete-v1
complete-q3-v1-electricity-20260929T0600Z,2026-09-29T06:00:00Z,493,kWh,PLANT-B,true,maverick-q3-2026-complete-v1
complete-q3-v1-electricity-20260929T0700Z,2026-09-29T07:00:00Z,553,kWh,PLANT-B,true,maverick-q3-2026-complete-v1
complete-q3-v1-electricity-20260929T0800Z,2026-09-29T08:00:00Z,553,kWh,PLANT-B,true,maverick-q3-2026-complete-v1
complete-q3-v1-electricity-20260929T0900Z,2026-09-29T09:00:00Z,553,kWh,PLANT-B,true,maverick-q3-2026-complete-v1
complete-q3-v1-electricity-20260929T1000Z,2026-09-29T10:00:00Z,553,kWh,PLANT-B,true,maverick-q3-2026-complete-v1
complete-q3-v1-electricity-20260929T1100Z,2026-09-29T11:00:00Z,553,kWh,PLANT-B,true,maverick-q3-2026-complete-v1
complete-q3-v1-electricity-20260929T1200Z,2026-09-29T12:00:00Z,553,kWh,PLANT-B,true,maverick-q3-2026-complete-v1
complete-q3-v1-electricity-20260929T1300Z,2026-09-29T13:00:00Z,553,kWh,PLANT-B,true,maverick-q3-2026-complete-v1
complete-q3-v1-electricity-20260929T1400Z,2026-09-29T14:00:00Z,553,kWh,PLANT-B,true,maverick-q3-2026-complete-v1
complete-q3-v1-electricity-20260929T1500Z,2026-09-29T15:00:00Z,553,kWh,PLANT-B,true,maverick-q3-2026-complete-v1
complete-q3-v1-electricity-20260929T1600Z,2026-09-29T16:00:00Z,553,kWh,PLANT-B,true,maverick-q3-2026-complete-v1
complete-q3-v1-electricity-20260929T1700Z,2026-09-29T17:00:00Z,553,kWh,PLANT-B,true,maverick-q3-2026-complete-v1
complete-q3-v1-electricity-20260929T1800Z,2026-09-29T18:00:00Z,553,kWh,PLANT-B,true,maverick-q3-2026-complete-v1
complete-q3-v1-electricity-20260929T1900Z,2026-09-29T19:00:00Z,493,kWh,PLANT-B,true,maverick-q3-2026-complete-v1
complete-q3-v1-electricity-20260929T2000Z,2026-09-29T20:00:00Z,493,kWh,PLANT-B,true,maverick-q3-2026-complete-v1
complete-q3-v1-electricity-20260929T2100Z,2026-09-29T21:00:00Z,493,kWh,PLANT-B,true,maverick-q3-2026-complete-v1
complete-q3-v1-electricity-20260929T2200Z,2026-09-29T22:00:00Z,493,kWh,PLANT-B,true,maverick-q3-2026-complete-v1
complete-q3-v1-electricity-20260929T2300Z,2026-09-29T23:00:00Z,493,kWh,PLANT-B,true,maverick-q3-2026-complete-v1
complete-q3-v1-electricity-20260930T0000Z,2026-09-30T00:00:00Z,496,kWh,PLANT-B,true,maverick-q3-2026-complete-v1
complete-q3-v1-electricity-20260930T0100Z,2026-09-30T01:00:00Z,496,kWh,PLANT-B,true,maverick-q3-2026-complete-v1
complete-q3-v1-electricity-20260930T0200Z,2026-09-30T02:00:00Z,496,kWh,PLANT-B,true,maverick-q3-2026-complete-v1
complete-q3-v1-electricity-20260930T0300Z,2026-09-30T03:00:00Z,496,kWh,PLANT-B,true,maverick-q3-2026-complete-v1
complete-q3-v1-electricity-20260930T0400Z,2026-09-30T04:00:00Z,496,kWh,PLANT-B,true,maverick-q3-2026-complete-v1
complete-q3-v1-electricity-20260930T0500Z,2026-09-30T05:00:00Z,496,kWh,PLANT-B,true,maverick-q3-2026-complete-v1
complete-q3-v1-electricity-20260930T0600Z,2026-09-30T06:00:00Z,496,kWh,PLANT-B,true,maverick-q3-2026-complete-v1
complete-q3-v1-electricity-20260930T0700Z,2026-09-30T07:00:00Z,556,kWh,PLANT-B,true,maverick-q3-2026-complete-v1
complete-q3-v1-electricity-20260930T0800Z,2026-09-30T08:00:00Z,556,kWh,PLANT-B,true,maverick-q3-2026-complete-v1
complete-q3-v1-electricity-20260930T0900Z,2026-09-30T09:00:00Z,556,kWh,PLANT-B,true,maverick-q3-2026-complete-v1
complete-q3-v1-electricity-20260930T1000Z,2026-09-30T10:00:00Z,556,kWh,PLANT-B,true,maverick-q3-2026-complete-v1
complete-q3-v1-electricity-20260930T1100Z,2026-09-30T11:00:00Z,556,kWh,PLANT-B,true,maverick-q3-2026-complete-v1
complete-q3-v1-electricity-20260930T1200Z,2026-09-30T12:00:00Z,556,kWh,PLANT-B,true,maverick-q3-2026-complete-v1
complete-q3-v1-electricity-20260930T1300Z,2026-09-30T13:00:00Z,556,kWh,PLANT-B,true,maverick-q3-2026-complete-v1
complete-q3-v1-electricity-20260930T1400Z,2026-09-30T14:00:00Z,556,kWh,PLANT-B,true,maverick-q3-2026-complete-v1
complete-q3-v1-electricity-20260930T1500Z,2026-09-30T15:00:00Z,556,kWh,PLANT-B,true,maverick-q3-2026-complete-v1
complete-q3-v1-electricity-20260930T1600Z,2026-09-30T16:00:00Z,556,kWh,PLANT-B,true,maverick-q3-2026-complete-v1
complete-q3-v1-electricity-20260930T1700Z,2026-09-30T17:00:00Z,556,kWh,PLANT-B,true,maverick-q3-2026-complete-v1
complete-q3-v1-electricity-20260930T1800Z,2026-09-30T18:00:00Z,556,kWh,PLANT-B,true,maverick-q3-2026-complete-v1
complete-q3-v1-electricity-20260930T1900Z,2026-09-30T19:00:00Z,496,kWh,PLANT-B,true,maverick-q3-2026-complete-v1
complete-q3-v1-electricity-20260930T2000Z,2026-09-30T20:00:00Z,496,kWh,PLANT-B,true,maverick-q3-2026-complete-v1
complete-q3-v1-electricity-20260930T2100Z,2026-09-30T21:00:00Z,496,kWh,PLANT-B,true,maverick-q3-2026-complete-v1
complete-q3-v1-electricity-20260930T2200Z,2026-09-30T22:00:00Z,496,kWh,PLANT-B,true,maverick-q3-2026-complete-v1
complete-q3-v1-electricity-20260930T2300Z,2026-09-30T23:00:00Z,496,kWh,PLANT-B,true,maverick-q3-2026-complete-v1
